Using launch settings from E:\Birth certificate\BDMS-Modern (4)\backend\BDMS.Api\Properties\launchSettings.json...
fail: Microsoft.AspNetCore.DataProtection.XmlEncryption.DpapiXmlDecryptor[43]
      An exception occurred while trying to decrypt the element.
      System.Security.Cryptography.CryptographicException: Error occurred during a cryptographic operation.
         at Microsoft.AspNetCore.DataProtection.Cng.DpapiSecretSerializerHelper.UnprotectWithDpapiCore(Byte* pbProtectedData, UInt32 cbProtectedData, Byte* pbOptionalEntropy, UInt32 cbOptionalEntropy)
         at Microsoft.AspNetCore.DataProtection.Cng.DpapiSecretSerializerHelper.UnprotectWithDpapi(Byte[] protectedSecret)
         at Microsoft.AspNetCore.DataProtection.XmlEncryption.DpapiXmlDecryptor.Decrypt(XElement encryptedElement)
fail: Microsoft.AspNetCore.DataProtection.KeyManagement.XmlKeyManager[24]
      An exception occurred while processing the key element '<key id="cc9d2a8d-7097-426b-8813-73e142194f88" version="1" />'.
      System.AggregateException: An error occurred while writing to logger(s). (Cannot open log for source '.NET Runtime'. You may not have write access.)
       ---> System.InvalidOperationException: Cannot open log for source '.NET Runtime'. You may not have write access.
       ---> System.ComponentModel.Win32Exception (5): Access is denied.
         --- End of inner exception stack trace ---
         at System.Diagnostics.EventLogInternal.OpenForWrite(String currentMachineName)
         at System.Diagnostics.EventLogInternal.InternalWriteEvent(UInt32 eventID, UInt16 category, EventLogEntryType type, String[] strings, Byte[] rawData, String currentMachineName)
         at System.Diagnostics.EventLogInternal.WriteEvent(EventInstance instance, Byte[] data, Object[] values)
         at Microsoft.Extensions.Logging.EventLog.WindowsEventLog.WriteEntry(String message, EventLogEntryType type, Int32 eventID, Int16 category)
         at Microsoft.Extensions.Logging.EventLog.EventLogLogger.WriteMessage(String message, EventLogEntryType eventLogEntryType, Int32 eventId)
         at Microsoft.Extensions.Logging.EventLog.EventLogLogger.Log[TState](LogLevel logLevel, EventId eventId, TState state, Exception exception, Func`3 formatter)
         at Microsoft.Extensions.Logging.Logger.<Log>g__LoggerLog|14_0[TState](LogLevel logLevel, EventId eventId, ILogger logger, Exception exception, Func`3 formatter, List`1& exceptions, TState& state)
         --- End of inner exception stack trace ---
         at Microsoft.Extensions.Logging.Logger.ThrowLoggingError(List`1 exceptions)
         at Microsoft.Extensions.Logging.Logger.Log[TState](LogLevel logLevel, EventId eventId, TState state, Exception exception, Func`3 formatter)
         at Microsoft.Extensions.Logging.LoggerMessage.<>c__DisplayClass8_0.<Define>g__Log|0(ILogger logger, Exception exception)
         at Microsoft.AspNetCore.DataProtection.XmlEncryption.DpapiXmlDecryptor.Decrypt(XElement encryptedElement)
         at Microsoft.AspNetCore.DataProtection.XmlEncryption.XmlEncryptionExtensions.DecryptElement(XElement element, IActivator activator)
         at Microsoft.AspNetCore.DataProtection.KeyManagement.XmlKeyManager.Microsoft.AspNetCore.DataProtection.KeyManagement.Internal.IInternalXmlKeyManager.DeserializeDescriptorFromKeyElement(XElement keyElement)
warn: Microsoft.AspNetCore.DataProtection.KeyManagement.DefaultKeyResolver[12]
      Key {cc9d2a8d-7097-426b-8813-73e142194f88} is ineligible to be the default key because its CreateEncryptor method failed.
      System.AggregateException: An error occurred while writing to logger(s). (Cannot open log for source '.NET Runtime'. You may not have write access.)
       ---> System.InvalidOperationException: Cannot open log for source '.NET Runtime'. You may not have write access.
       ---> System.ComponentModel.Win32Exception (5): Access is denied.
         --- End of inner exception stack trace ---
         at System.Diagnostics.EventLogInternal.OpenForWrite(String currentMachineName)
         at System.Diagnostics.EventLogInternal.InternalWriteEvent(UInt32 eventID, UInt16 category, EventLogEntryType type, String[] strings, Byte[] rawData, String currentMachineName)
         at System.Diagnostics.EventLogInternal.WriteEvent(EventInstance instance, Byte[] data, Object[] values)
         at Microsoft.Extensions.Logging.EventLog.WindowsEventLog.WriteEntry(String message, EventLogEntryType type, Int32 eventID, Int16 category)
         at Microsoft.Extensions.Logging.EventLog.EventLogLogger.WriteMessage(String message, EventLogEntryType eventLogEntryType, Int32 eventId)
         at Microsoft.Extensions.Logging.EventLog.EventLogLogger.Log[TState](LogLevel logLevel, EventId eventId, TState state, Exception exception, Func`3 formatter)
         at Microsoft.Extensions.Logging.Logger.<Log>g__LoggerLog|14_0[TState](LogLevel logLevel, EventId eventId, ILogger logger, Exception exception, Func`3 formatter, List`1& exceptions, TState& state)
         --- End of inner exception stack trace ---
         at Microsoft.Extensions.Logging.Logger.ThrowLoggingError(List`1 exceptions)
         at Microsoft.Extensions.Logging.Logger.Log[TState](LogLevel logLevel, EventId eventId, TState state, Exception exception, Func`3 formatter)
         at Microsoft.Extensions.Logging.Logger`1.Microsoft.Extensions.Logging.ILogger.Log[TState](LogLevel logLevel, EventId eventId, TState state, Exception exception, Func`3 formatter)
         at Microsoft.Extensions.Logging.LoggerMessage.<>c__DisplayClass10_0`1.<Define>g__Log|0(ILogger logger, T1 arg1, Exception exception)
         at Microsoft.AspNetCore.DataProtection.KeyManagement.XmlKeyManager.WriteKeyDeserializationErrorToLog(Exception error, XElement keyElement)
         at Microsoft.AspNetCore.DataProtection.KeyManagement.XmlKeyManager.Microsoft.AspNetCore.DataProtection.KeyManagement.Internal.IInternalXmlKeyManager.DeserializeDescriptorFromKeyElement(XElement keyElement)
         at System.Lazy`1.ViaFactory(LazyThreadSafetyMode mode)
         at System.Lazy`1.ExecutionAndPublication(LazyHelper executionAndPublication, Boolean useDefaultConstructor)
         at System.Lazy`1.CreateValue()
         at Microsoft.AspNetCore.DataProtection.AuthenticatedEncryption.CngGcmAuthenticatedEncryptorFactory.CreateEncryptorInstance(IKey key)
         at Microsoft.AspNetCore.DataProtection.KeyManagement.KeyBase.CreateEncryptor()
         at Microsoft.AspNetCore.DataProtection.KeyManagement.DefaultKeyResolver.CanCreateAuthenticatedEncryptor(IKey key)
fail: Microsoft.AspNetCore.DataProtection.KeyManagement.KeyRingProvider[48]
      An error occurred while reading the key ring.
      System.AggregateException: An error occurred while writing to logger(s). (Cannot open log for source '.NET Runtime'. You may not have write access.)
       ---> System.InvalidOperationException: Cannot open log for source '.NET Runtime'. You may not have write access.
       ---> System.ComponentModel.Win32Exception (5): Access is denied.
         --- End of inner exception stack trace ---
         at System.Diagnostics.EventLogInternal.OpenForWrite(String currentMachineName)
         at System.Diagnostics.EventLogInternal.InternalWriteEvent(UInt32 eventID, UInt16 category, EventLogEntryType type, String[] strings, Byte[] rawData, String currentMachineName)
         at System.Diagnostics.EventLogInternal.WriteEvent(EventInstance instance, Byte[] data, Object[] values)
         at Microsoft.Extensions.Logging.EventLog.WindowsEventLog.WriteEntry(String message, EventLogEntryType type, Int32 eventID, Int16 category)
         at Microsoft.Extensions.Logging.EventLog.EventLogLogger.WriteMessage(String message, EventLogEntryType eventLogEntryType, Int32 eventId)
         at Microsoft.Extensions.Logging.EventLog.EventLogLogger.Log[TState](LogLevel logLevel, EventId eventId, TState state, Exception exception, Func`3 formatter)
         at Microsoft.Extensions.Logging.Logger.<Log>g__LoggerLog|14_0[TState](LogLevel logLevel, EventId eventId, ILogger logger, Exception exception, Func`3 formatter, List`1& exceptions, TState& state)
         --- End of inner exception stack trace ---
         at Microsoft.Extensions.Logging.Logger.ThrowLoggingError(List`1 exceptions)
         at Microsoft.Extensions.Logging.Logger.Log[TState](LogLevel logLevel, EventId eventId, TState state, Exception exception, Func`3 formatter)
         at Microsoft.Extensions.Logging.Logger`1.Microsoft.Extensions.Logging.ILogger.Log[TState](LogLevel logLevel, EventId eventId, TState state, Exception exception, Func`3 formatter)
         at Microsoft.Extensions.Logging.LoggerMessage.<>c__DisplayClass12_0`2.<Define>g__Log|0(ILogger logger, T1 arg1, T2 arg2, Exception exception)
         at Microsoft.Extensions.Logging.LoggingExtensions.KeyIsIneligibleToBeTheDefaultKeyBecauseItsMethodFailed(ILogger logger, Guid keyId, String methodName, Exception exception)
         at Microsoft.AspNetCore.DataProtection.KeyManagement.DefaultKeyResolver.CanCreateAuthenticatedEncryptor(IKey key)
         at Microsoft.AspNetCore.DataProtection.KeyManagement.DefaultKeyResolver.FindDefaultKey(DateTimeOffset now, IEnumerable`1 allKeys, IKey& fallbackKey, Boolean& callerShouldGenerateNewKey)
         at Microsoft.AspNetCore.DataProtection.KeyManagement.DefaultKeyResolver.ResolveDefaultKeyPolicy(DateTimeOffset now, IEnumerable`1 allKeys)
         at Microsoft.AspNetCore.DataProtection.KeyManagement.KeyRingProvider.CreateCacheableKeyRingCore(DateTimeOffset now, IKey keyJustAdded)
         at Microsoft.AspNetCore.DataProtection.KeyManagement.KeyRingProvider.GetCurrentKeyRingCore(DateTime utcNow, Boolean forceRefresh)
info: Microsoft.Hosting.Lifetime[14]
      Now listening on: http://localhost:7001
info: Microsoft.Hosting.Lifetime[0]
      Application started. Press Ctrl+C to shut down.
info: Microsoft.Hosting.Lifetime[0]
      Hosting environment: Development
info: Microsoft.Hosting.Lifetime[0]
      Content root path: E:\Birth certificate\BDMS-Modern (4)\backend\BDMS.Api
warn: BDMS.Api[0]
      Database initialization is unavailable; continuing without database seeding so the API can still serve non-persistence endpoints.
      System.InvalidOperationException: An exception has been raised that is likely due to a transient failure. Consider enabling transient error resiliency by adding 'EnableRetryOnFailure' to the 'UseSqlServer' call.
       ---> Microsoft.Data.SqlClient.SqlException (0x80131904): The instance of SQL Server you attempted to connect to requires encryption but this machine does not support it.
         at Microsoft.Data.SqlClient.SqlInternalConnection.OnError(SqlException exception, Boolean breakConnection, Action`1 wrapCloseInAction)
         at Microsoft.Data.SqlClient.TdsParser.ThrowExceptionAndWarning(TdsParserStateObject stateObj, Boolean callerHasConnectionLock, Boolean asyncClose)
         at Microsoft.Data.SqlClient.TdsParser.Connect(ServerInfo serverInfo, SqlInternalConnectionTds connHandler, Boolean ignoreSniOpenTimeout, Int64 timerExpire, SqlConnectionString connectionOptions, Boolean withFailover)
         at Microsoft.Data.SqlClient.SqlInternalConnectionTds.AttemptOneLogin(ServerInfo serverInfo, String newPassword, SecureString newSecurePassword, Boolean ignoreSniOpenTimeout, TimeoutTimer timeout, Boolean withFailover)
         at Microsoft.Data.SqlClient.SqlInternalConnectionTds.LoginNoFailover(ServerInfo serverInfo, String newPassword, SecureString newSecurePassword, Boolean redirectedUserInstance, SqlConnectionString connectionOptions, SqlCredential credential, TimeoutTimer timeout)
         at Microsoft.Data.SqlClient.SqlInternalConnectionTds.OpenLoginEnlist(TimeoutTimer timeout, SqlConnectionString connectionOptions, SqlCredential credential, String newPassword, SecureString newSecurePassword, Boolean redirectedUserInstance)
         at Microsoft.Data.SqlClient.SqlInternalConnectionTds..ctor(DbConnectionPoolIdentity identity, SqlConnectionString connectionOptions, SqlCredential credential, Object providerInfo, String newPassword, SecureString newSecurePassword, Boolean redirectedUserInstance, SqlConnectionString userConnectionOptions, SessionData reconnectSessionData, Boolean applyTransientFaultHandling, String accessToken, DbConnectionPool pool)
         at Microsoft.Data.SqlClient.SqlConnectionFactory.CreateConnection(DbConnectionOptions options, DbConnectionPoolKey poolKey, Object poolGroupProviderInfo, DbConnectionPool pool, DbConnection owningConnection, DbConnectionOptions userOptions)
         at Microsoft.Data.ProviderBase.DbConnectionFactory.CreateNonPooledConnection(DbConnection owningConnection, DbConnectionPoolGroup poolGroup, DbConnectionOptions userOptions)
         at Microsoft.Data.ProviderBase.DbConnectionFactory.<>c__DisplayClass48_0.<CreateReplaceConnectionContinuation>b__0(Task`1 _)
         at System.Threading.Tasks.ContinuationResultTaskFromResultTask`2.InnerInvoke()
         at System.Threading.ExecutionContext.RunInternal(ExecutionContext executionContext, ContextCallback callback, Object state)
      --- End of stack trace from previous location ---
         at System.Threading.ExecutionContext.RunInternal(ExecutionContext executionContext, ContextCallback callback, Object state)
         at System.Threading.Tasks.Task.ExecuteWithThreadLocal(Task& currentTaskSlot, Thread threadPoolThread)
      --- End of stack trace from previous location ---
         at Microsoft.EntityFrameworkCore.Storage.RelationalConnection.OpenInternalAsync(Boolean errorsExpected, CancellationToken cancellationToken)
         at Microsoft.EntityFrameworkCore.Storage.RelationalConnection.OpenInternalAsync(Boolean errorsExpected, CancellationToken cancellationToken)
         at Microsoft.EntityFrameworkCore.Storage.RelationalConnection.OpenAsync(CancellationToken cancellationToken, Boolean errorsExpected)
         at Microsoft.EntityFrameworkCore.SqlServer.Storage.Internal.SqlServerDatabaseCreator.<>c__DisplayClass20_0.<<ExistsAsync>b__0>d.MoveNext()
      --- End of stack trace from previous location ---
         at Microsoft.EntityFrameworkCore.SqlServer.Storage.Internal.SqlServerDatabaseCreator.<>c__DisplayClass20_0.<<ExistsAsync>b__0>d.MoveNext()
      --- End of stack trace from previous location ---
         at Microsoft.EntityFrameworkCore.SqlServer.Storage.Internal.SqlServerDatabaseCreator.<>c__DisplayClass20_0.<<ExistsAsync>b__0>d.MoveNext()
      --- End of stack trace from previous location ---
         at Microsoft.EntityFrameworkCore.SqlServer.Storage.Internal.SqlServerExecutionStrategy.ExecuteAsync[TState,TResult](TState state, Func`4 operation, Func`4 verifySucceeded, CancellationToken cancellationToken)
      ClientConnectionId:edaf9d36-e5ef-45d6-83ac-6bd4335a19fb
      Error Number:20,State:0,Class:20
         --- End of inner exception stack trace ---
         at Microsoft.EntityFrameworkCore.SqlServer.Storage.Internal.SqlServerExecutionStrategy.ExecuteAsync[TState,TResult](TState state, Func`4 operation, Func`4 verifySucceeded, CancellationToken cancellationToken)
         at Microsoft.EntityFrameworkCore.Storage.RelationalDatabaseCreator.EnsureCreatedAsync(CancellationToken cancellationToken)
         at Microsoft.EntityFrameworkCore.Storage.RelationalDatabaseCreator.EnsureCreatedAsync(CancellationToken cancellationToken)
         at Program.<>c__DisplayClass0_0.<<<Main>$>b__9>d.MoveNext() in E:\Birth certificate\BDMS-Modern (4)\backend\BDMS.Api\Program.cs:line 115
fail: Microsoft.EntityFrameworkCore.Database.Connection[20004]
      An error occurred using the connection to database 'BDMS_Modern' on server 'DESKTOP-I38R53I'.
fail: Microsoft.EntityFrameworkCore.Query[10100]
      An exception occurred while iterating over the results of a query for context type 'BDMS.Api.Data.BdmsDbContext'.
      System.AggregateException: An error occurred while writing to logger(s). (Cannot open log for source '.NET Runtime'. You may not have write access.)
       ---> System.InvalidOperationException: Cannot open log for source '.NET Runtime'. You may not have write access.
       ---> System.ComponentModel.Win32Exception (5): Access is denied.
         --- End of inner exception stack trace ---
         at System.Diagnostics.EventLogInternal.OpenForWrite(String currentMachineName)
         at System.Diagnostics.EventLogInternal.InternalWriteEvent(UInt32 eventID, UInt16 category, EventLogEntryType type, String[] strings, Byte[] rawData, String currentMachineName)
         at System.Diagnostics.EventLogInternal.WriteEvent(EventInstance instance, Byte[] data, Object[] values)
         at Microsoft.Extensions.Logging.EventLog.WindowsEventLog.WriteEntry(String message, EventLogEntryType type, Int32 eventID, Int16 category)
         at Microsoft.Extensions.Logging.EventLog.EventLogLogger.WriteMessage(String message, EventLogEntryType eventLogEntryType, Int32 eventId)
         at Microsoft.Extensions.Logging.EventLog.EventLogLogger.Log[TState](LogLevel logLevel, EventId eventId, TState state, Exception exception, Func`3 formatter)
         at Microsoft.Extensions.Logging.Logger.<Log>g__LoggerLog|14_0[TState](LogLevel logLevel, EventId eventId, ILogger logger, Exception exception, Func`3 formatter, List`1& exceptions, TState& state)
         --- End of inner exception stack trace ---
         at Microsoft.Extensions.Logging.Logger.ThrowLoggingError(List`1 exceptions)
         at Microsoft.Extensions.Logging.Logger.Log[TState](LogLevel logLevel, EventId eventId, TState state, Exception exception, Func`3 formatter)
         at Microsoft.Extensions.Logging.LoggerMessage.<>c__DisplayClass12_0`2.<Define>g__Log|0(ILogger logger, T1 arg1, T2 arg2, Exception exception)
         at Microsoft.EntityFrameworkCore.Diagnostics.EventDefinition`2.Log[TLoggerCategory](IDiagnosticsLogger`1 logger, TParam1 arg1, TParam2 arg2)
         at Microsoft.EntityFrameworkCore.Diagnostics.Internal.RelationalConnectionDiagnosticsLogger.LogConnectionError(IRelationalConnection connection, EventDefinition`2 definition)
         at Microsoft.EntityFrameworkCore.Diagnostics.Internal.RelationalConnectionDiagnosticsLogger.ConnectionErrorAsync(IRelationalConnection connection, Exception exception, DateTimeOffset startTime, TimeSpan duration, Boolean logErrorAsDebug, CancellationToken cancellationToken)
         at Microsoft.EntityFrameworkCore.Storage.RelationalConnection.OpenInternalAsync(Boolean errorsExpected, CancellationToken cancellationToken)
         at Microsoft.EntityFrameworkCore.Storage.RelationalConnection.OpenAsync(CancellationToken cancellationToken, Boolean errorsExpected)
         at Microsoft.EntityFrameworkCore.Storage.RelationalCommand.ExecuteReaderAsync(RelationalCommandParameterObject parameterObject, CancellationToken cancellationToken)
         at Microsoft.EntityFrameworkCore.Query.Internal.SingleQueryingEnumerable`1.AsyncEnumerator.InitializeReaderAsync(AsyncEnumerator enumerator, CancellationToken cancellationToken)
         at Microsoft.EntityFrameworkCore.SqlServer.Storage.Internal.SqlServerExecutionStrategy.ExecuteAsync[TState,TResult](TState state, Func`4 operation, Func`4 verifySucceeded, CancellationToken cancellationToken)
         at Microsoft.EntityFrameworkCore.Query.Internal.SingleQueryingEnumerable`1.AsyncEnumerator.MoveNextAsync()
      System.AggregateException: An error occurred while writing to logger(s). (Cannot open log for source '.NET Runtime'. You may not have write access.)
       ---> System.InvalidOperationException: Cannot open log for source '.NET Runtime'. You may not have write access.
       ---> System.ComponentModel.Win32Exception (5): Access is denied.
         --- End of inner exception stack trace ---
         at System.Diagnostics.EventLogInternal.OpenForWrite(String currentMachineName)
         at System.Diagnostics.EventLogInternal.InternalWriteEvent(UInt32 eventID, UInt16 category, EventLogEntryType type, String[] strings, Byte[] rawData, String currentMachineName)
         at System.Diagnostics.EventLogInternal.WriteEvent(EventInstance instance, Byte[] data, Object[] values)
         at Microsoft.Extensions.Logging.EventLog.WindowsEventLog.WriteEntry(String message, EventLogEntryType type, Int32 eventID, Int16 category)
         at Microsoft.Extensions.Logging.EventLog.EventLogLogger.WriteMessage(String message, EventLogEntryType eventLogEntryType, Int32 eventId)
         at Microsoft.Extensions.Logging.EventLog.EventLogLogger.Log[TState](LogLevel logLevel, EventId eventId, TState state, Exception exception, Func`3 formatter)
         at Microsoft.Extensions.Logging.Logger.<Log>g__LoggerLog|14_0[TState](LogLevel logLevel, EventId eventId, ILogger logger, Exception exception, Func`3 formatter, List`1& exceptions, TState& state)
         --- End of inner exception stack trace ---
         at Microsoft.Extensions.Logging.Logger.ThrowLoggingError(List`1 exceptions)
         at Microsoft.Extensions.Logging.Logger.Log[TState](LogLevel logLevel, EventId eventId, TState state, Exception exception, Func`3 formatter)
         at Microsoft.Extensions.Logging.LoggerMessage.<>c__DisplayClass12_0`2.<Define>g__Log|0(ILogger logger, T1 arg1, T2 arg2, Exception exception)
         at Microsoft.EntityFrameworkCore.Diagnostics.EventDefinition`2.Log[TLoggerCategory](IDiagnosticsLogger`1 logger, TParam1 arg1, TParam2 arg2)
         at Microsoft.EntityFrameworkCore.Diagnostics.Internal.RelationalConnectionDiagnosticsLogger.LogConnectionError(IRelationalConnection connection, EventDefinition`2 definition)
         at Microsoft.EntityFrameworkCore.Diagnostics.Internal.RelationalConnectionDiagnosticsLogger.ConnectionErrorAsync(IRelationalConnection connection, Exception exception, DateTimeOffset startTime, TimeSpan duration, Boolean logErrorAsDebug, CancellationToken cancellationToken)
         at Microsoft.EntityFrameworkCore.Storage.RelationalConnection.OpenInternalAsync(Boolean errorsExpected, CancellationToken cancellationToken)
         at Microsoft.EntityFrameworkCore.Storage.RelationalConnection.OpenAsync(CancellationToken cancellationToken, Boolean errorsExpected)
         at Microsoft.EntityFrameworkCore.Storage.RelationalCommand.ExecuteReaderAsync(RelationalCommandParameterObject parameterObject, CancellationToken cancellationToken)
         at Microsoft.EntityFrameworkCore.Query.Internal.SingleQueryingEnumerable`1.AsyncEnumerator.InitializeReaderAsync(AsyncEnumerator enumerator, CancellationToken cancellationToken)
         at Microsoft.EntityFrameworkCore.SqlServer.Storage.Internal.SqlServerExecutionStrategy.ExecuteAsync[TState,TResult](TState state, Func`4 operation, Func`4 verifySucceeded, CancellationToken cancellationToken)
         at Microsoft.EntityFrameworkCore.Query.Internal.SingleQueryingEnumerable`1.AsyncEnumerator.MoveNextAsync()
fail: Microsoft.AspNetCore.Diagnostics.DeveloperExceptionPageMiddleware[1]
      An unhandled exception has occurred while executing the request.
      System.AggregateException: An error occurred while writing to logger(s). (Cannot open log for source '.NET Runtime'. You may not have write access.)
       ---> System.InvalidOperationException: Cannot open log for source '.NET Runtime'. You may not have write access.
       ---> System.ComponentModel.Win32Exception (5): Access is denied.
         --- End of inner exception stack trace ---
         at System.Diagnostics.EventLogInternal.OpenForWrite(String currentMachineName)
         at System.Diagnostics.EventLogInternal.InternalWriteEvent(UInt32 eventID, UInt16 category, EventLogEntryType type, String[] strings, Byte[] rawData, String currentMachineName)
         at System.Diagnostics.EventLogInternal.WriteEvent(EventInstance instance, Byte[] data, Object[] values)
         at Microsoft.Extensions.Logging.EventLog.WindowsEventLog.WriteEntry(String message, EventLogEntryType type, Int32 eventID, Int16 category)
         at Microsoft.Extensions.Logging.EventLog.EventLogLogger.WriteMessage(String message, EventLogEntryType eventLogEntryType, Int32 eventId)
         at Microsoft.Extensions.Logging.EventLog.EventLogLogger.Log[TState](LogLevel logLevel, EventId eventId, TState state, Exception exception, Func`3 formatter)
         at Microsoft.Extensions.Logging.Logger.<Log>g__LoggerLog|14_0[TState](LogLevel logLevel, EventId eventId, ILogger logger, Exception exception, Func`3 formatter, List`1& exceptions, TState& state)
         --- End of inner exception stack trace ---
         at Microsoft.Extensions.Logging.Logger.ThrowLoggingError(List`1 exceptions)
         at Microsoft.Extensions.Logging.Logger.Log[TState](LogLevel logLevel, EventId eventId, TState state, Exception exception, Func`3 formatter)
         at Microsoft.Extensions.Logging.LoggerMessage.<>c__DisplayClass14_0`3.<Define>g__Log|0(ILogger logger, T1 arg1, T2 arg2, T3 arg3, Exception exception)
         at Microsoft.EntityFrameworkCore.Diagnostics.EventDefinition`3.Log[TLoggerCategory](IDiagnosticsLogger`1 logger, TParam1 arg1, TParam2 arg2, TParam3 arg3, Exception exception)
         at Microsoft.EntityFrameworkCore.Diagnostics.CoreLoggerExtensions.QueryIterationFailed(IDiagnosticsLogger`1 diagnostics, Type contextType, Exception exception)
         at Microsoft.EntityFrameworkCore.Query.Internal.SingleQueryingEnumerable`1.AsyncEnumerator.MoveNextAsync()
         at Microsoft.EntityFrameworkCore.Query.ShapedQueryCompilingExpressionVisitor.SingleAsync[TSource](IAsyncEnumerable`1 asyncEnumerable, CancellationToken cancellationToken)
         at Microsoft.EntityFrameworkCore.Query.ShapedQueryCompilingExpressionVisitor.SingleAsync[TSource](IAsyncEnumerable`1 asyncEnumerable, CancellationToken cancellationToken)
         at BDMS.Api.Services.BirthApplicationValidator.ValidateAsync(BirthApplicationFormDto dto) in E:\Birth certificate\BDMS-Modern (4)\backend\BDMS.Api\Services\BirthApplicationValidator.cs:line 171
         at BDMS.Api.Controllers.BirthApplicationsController.CreateTemp(BirthApplicationFormDto dto) in E:\Birth certificate\BDMS-Modern (4)\backend\BDMS.Api\Controllers\BirthApplicationsController.cs:line 63
         at lambda_method6(Closure, Object)
         at Microsoft.AspNetCore.Mvc.Infrastructure.ActionMethodExecutor.AwaitableObjectResultExecutor.Execute(ActionContext actionContext, IActionResultTypeMapper mapper, ObjectMethodExecutor executor, Object controller, Object[] arguments)
         at Microsoft.AspNetCore.Mvc.Infrastructure.ControllerActionInvoker.<InvokeActionMethodAsync>g__Awaited|12_0(ControllerActionInvoker invoker, ValueTask`1 actionResultValueTask)
         at Microsoft.AspNetCore.Mvc.Infrastructure.ControllerActionInvoker.<InvokeNextActionFilterAsync>g__Awaited|10_0(ControllerActionInvoker invoker, Task lastTask, State next, Scope scope, Object state, Boolean isCompleted)
         at Microsoft.AspNetCore.Mvc.Infrastructure.ControllerActionInvoker.Rethrow(ActionExecutedContextSealed context)
         at Microsoft.AspNetCore.Mvc.Infrastructure.ControllerActionInvoker.Next(State& next, Scope& scope, Object& state, Boolean& isCompleted)
         at Microsoft.AspNetCore.Mvc.Infrastructure.ControllerActionInvoker.<InvokeInnerFilterAsync>g__Awaited|13_0(ControllerActionInvoker invoker, Task lastTask, State next, Scope scope, Object state, Boolean isCompleted)
         at Microsoft.AspNetCore.Mvc.Infrastructure.ResourceInvoker.<InvokeFilterPipelineAsync>g__Awaited|20_0(ResourceInvoker invoker, Task lastTask, State next, Scope scope, Object state, Boolean isCompleted)
         at Microsoft.AspNetCore.Mvc.Infrastructure.ResourceInvoker.<InvokeAsync>g__Awaited|17_0(ResourceInvoker invoker, Task task, IDisposable scope)
         at Microsoft.AspNetCore.Mvc.Infrastructure.ResourceInvoker.<InvokeAsync>g__Awaited|17_0(ResourceInvoker invoker, Task task, IDisposable scope)
         at Microsoft.AspNetCore.Authorization.AuthorizationMiddleware.Invoke(HttpContext context)
         at Microsoft.AspNetCore.Authentication.AuthenticationMiddleware.Invoke(HttpContext context)
         at Swashbuckle.AspNetCore.SwaggerUI.SwaggerUIMiddleware.Invoke(HttpContext httpContext)
         at Swashbuckle.AspNetCore.Swagger.SwaggerMiddleware.Invoke(HttpContext httpContext, ISwaggerProvider swaggerProvider)
         at Microsoft.AspNetCore.Diagnostics.DeveloperExceptionPageMiddlewareImpl.Invoke(HttpContext context)
fail: Microsoft.AspNetCore.Server.Kestrel[13]
      Connection id "0HNNP4P4I1BEI", Request id "0HNNP4P4I1BEI:00000002": An unhandled exception was thrown by the application.
      System.AggregateException: An error occurred while writing to logger(s). (Cannot open log for source '.NET Runtime'. You may not have write access.)
       ---> System.InvalidOperationException: Cannot open log for source '.NET Runtime'. You may not have write access.
       ---> System.ComponentModel.Win32Exception (5): Access is denied.
         --- End of inner exception stack trace ---
         at System.Diagnostics.EventLogInternal.OpenForWrite(String currentMachineName)
         at System.Diagnostics.EventLogInternal.InternalWriteEvent(UInt32 eventID, UInt16 category, EventLogEntryType type, String[] strings, Byte[] rawData, String currentMachineName)
         at System.Diagnostics.EventLogInternal.WriteEvent(EventInstance instance, Byte[] data, Object[] values)
         at Microsoft.Extensions.Logging.EventLog.WindowsEventLog.WriteEntry(String message, EventLogEntryType type, Int32 eventID, Int16 category)
         at Microsoft.Extensions.Logging.EventLog.EventLogLogger.WriteMessage(String message, EventLogEntryType eventLogEntryType, Int32 eventId)
         at Microsoft.Extensions.Logging.EventLog.EventLogLogger.Log[TState](LogLevel logLevel, EventId eventId, TState state, Exception exception, Func`3 formatter)
         at Microsoft.Extensions.Logging.Logger.<Log>g__LoggerLog|14_0[TState](LogLevel logLevel, EventId eventId, ILogger logger, Exception exception, Func`3 formatter, List`1& exceptions, TState& state)
         --- End of inner exception stack trace ---
         at Microsoft.Extensions.Logging.Logger.ThrowLoggingError(List`1 exceptions)
         at Microsoft.Extensions.Logging.Logger.Log[TState](LogLevel logLevel, EventId eventId, TState state, Exception exception, Func`3 formatter)
         at Microsoft.Extensions.Logging.Logger`1.Microsoft.Extensions.Logging.ILogger.Log[TState](LogLevel logLevel, EventId eventId, TState state, Exception exception, Func`3 formatter)
         at Microsoft.Extensions.Logging.LoggerMessage.<>c__DisplayClass8_0.<Define>g__Log|0(ILogger logger, Exception exception)
         at Microsoft.AspNetCore.Diagnostics.DiagnosticsTelemetry.ReportUnhandledException(ILogger logger, HttpContext context, Exception ex)
         at Microsoft.AspNetCore.Diagnostics.DeveloperExceptionPageMiddlewareImpl.Invoke(HttpContext context)
         at Microsoft.AspNetCore.Server.Kestrel.Core.Internal.Http.HttpProtocol.ProcessRequests[TContext](IHttpApplication`1 application)
warn: Microsoft.AspNetCore.Server.Kestrel[0]
      Connection processing ended abnormally.
      System.AggregateException: An error occurred while writing to logger(s). (Cannot open log for source '.NET Runtime'. You may not have write access.)
       ---> System.InvalidOperationException: Cannot open log for source '.NET Runtime'. You may not have write access.
       ---> System.ComponentModel.Win32Exception (5): Access is denied.
         --- End of inner exception stack trace ---
         at System.Diagnostics.EventLogInternal.OpenForWrite(String currentMachineName)
         at System.Diagnostics.EventLogInternal.InternalWriteEvent(UInt32 eventID, UInt16 category, EventLogEntryType type, String[] strings, Byte[] rawData, String currentMachineName)
         at System.Diagnostics.EventLogInternal.WriteEvent(EventInstance instance, Byte[] data, Object[] values)
         at Microsoft.Extensions.Logging.EventLog.WindowsEventLog.WriteEntry(String message, EventLogEntryType type, Int32 eventID, Int16 category)
         at Microsoft.Extensions.Logging.EventLog.EventLogLogger.WriteMessage(String message, EventLogEntryType eventLogEntryType, Int32 eventId)
         at Microsoft.Extensions.Logging.EventLog.EventLogLogger.Log[TState](LogLevel logLevel, EventId eventId, TState state, Exception exception, Func`3 formatter)
         at Microsoft.Extensions.Logging.Logger.<Log>g__LoggerLog|14_0[TState](LogLevel logLevel, EventId eventId, ILogger logger, Exception exception, Func`3 formatter, List`1& exceptions, TState& state)
         --- End of inner exception stack trace ---
         at Microsoft.Extensions.Logging.Logger.ThrowLoggingError(List`1 exceptions)
         at Microsoft.Extensions.Logging.Logger.Log[TState](LogLevel logLevel, EventId eventId, TState state, Exception exception, Func`3 formatter)
         at Microsoft.Extensions.Logging.LoggerMessage.<>c__DisplayClass12_0`2.<Define>g__Log|0(ILogger logger, T1 arg1, T2 arg2, Exception exception)
         at Microsoft.AspNetCore.Server.Kestrel.Core.Internal.Infrastructure.KestrelTrace.GeneralLog.ApplicationError(ILogger logger, String connectionId, String traceIdentifier, Exception ex)
         at Microsoft.AspNetCore.Server.Kestrel.Core.Internal.Http.HttpProtocol.ProcessRequests[TContext](IHttpApplication`1 application)
         at Microsoft.AspNetCore.Server.Kestrel.Core.Internal.Http.HttpProtocol.ProcessRequestsAsync[TContext](IHttpApplication`1 application)
crit: Microsoft.AspNetCore.Server.Kestrel[0]
      Unexpected exception in HttpConnection.ProcessRequestsAsync.
      System.AggregateException: An error occurred while writing to logger(s). (Cannot open log for source '.NET Runtime'. You may not have write access.)
       ---> System.InvalidOperationException: Cannot open log for source '.NET Runtime'. You may not have write access.
       ---> System.ComponentModel.Win32Exception (5): Access is denied.
         --- End of inner exception stack trace ---
         at System.Diagnostics.EventLogInternal.OpenForWrite(String currentMachineName)
         at System.Diagnostics.EventLogInternal.InternalWriteEvent(UInt32 eventID, UInt16 category, EventLogEntryType type, String[] strings, Byte[] rawData, String currentMachineName)
         at System.Diagnostics.EventLogInternal.WriteEvent(EventInstance instance, Byte[] data, Object[] values)
         at Microsoft.Extensions.Logging.EventLog.WindowsEventLog.WriteEntry(String message, EventLogEntryType type, Int32 eventID, Int16 category)
         at Microsoft.Extensions.Logging.EventLog.EventLogLogger.WriteMessage(String message, EventLogEntryType eventLogEntryType, Int32 eventId)
         at Microsoft.Extensions.Logging.EventLog.EventLogLogger.Log[TState](LogLevel logLevel, EventId eventId, TState state, Exception exception, Func`3 formatter)
         at Microsoft.Extensions.Logging.Logger.<Log>g__LoggerLog|14_0[TState](LogLevel logLevel, EventId eventId, ILogger logger, Exception exception, Func`3 formatter, List`1& exceptions, TState& state)
         --- End of inner exception stack trace ---
         at Microsoft.Extensions.Logging.Logger.ThrowLoggingError(List`1 exceptions)
         at Microsoft.Extensions.Logging.Logger.Log[TState](LogLevel logLevel, EventId eventId, TState state, Exception exception, Func`3 formatter)
         at Microsoft.AspNetCore.Server.Kestrel.Core.Internal.Infrastructure.KestrelTrace.Log[TState](LogLevel logLevel, EventId eventId, TState state, Exception exception, Func`3 formatter)
         at Microsoft.Extensions.Logging.LoggerExtensions.Log(ILogger logger, LogLevel logLevel, EventId eventId, Exception exception, String message, Object[] args)
         at Microsoft.Extensions.Logging.LoggerExtensions.LogWarning(ILogger logger, EventId eventId, Exception exception, String message, Object[] args)
         at Microsoft.AspNetCore.Server.Kestrel.Core.Internal.Http.HttpProtocol.ProcessRequestsAsync[TContext](IHttpApplication`1 application)
         at Microsoft.AspNetCore.Server.Kestrel.Core.Internal.Http.HttpProtocol.ProcessRequestsAsync[TContext](IHttpApplication`1 application)
         at Microsoft.AspNetCore.Server.Kestrel.Core.Internal.HttpConnection.ProcessRequestsAsync[TContext](IHttpApplication`1 httpApplication)
fail: Microsoft.AspNetCore.Server.Kestrel[0]
      Unhandled exception while processing 0HNNP4P4I1BEI.
      System.AggregateException: An error occurred while writing to logger(s). (Cannot open log for source '.NET Runtime'. You may not have write access.)
       ---> System.InvalidOperationException: Cannot open log for source '.NET Runtime'. You may not have write access.
       ---> System.ComponentModel.Win32Exception (5): Access is denied.
         --- End of inner exception stack trace ---
         at System.Diagnostics.EventLogInternal.OpenForWrite(String currentMachineName)
         at System.Diagnostics.EventLogInternal.InternalWriteEvent(UInt32 eventID, UInt16 category, EventLogEntryType type, String[] strings, Byte[] rawData, String currentMachineName)
         at System.Diagnostics.EventLogInternal.WriteEvent(EventInstance instance, Byte[] data, Object[] values)
         at Microsoft.Extensions.Logging.EventLog.WindowsEventLog.WriteEntry(String message, EventLogEntryType type, Int32 eventID, Int16 category)
         at Microsoft.Extensions.Logging.EventLog.EventLogLogger.WriteMessage(String message, EventLogEntryType eventLogEntryType, Int32 eventId)
         at Microsoft.Extensions.Logging.EventLog.EventLogLogger.Log[TState](LogLevel logLevel, EventId eventId, TState state, Exception exception, Func`3 formatter)
         at Microsoft.Extensions.Logging.Logger.<Log>g__LoggerLog|14_0[TState](LogLevel logLevel, EventId eventId, ILogger logger, Exception exception, Func`3 formatter, List`1& exceptions, TState& state)
         --- End of inner exception stack trace ---
         at Microsoft.Extensions.Logging.Logger.ThrowLoggingError(List`1 exceptions)
         at Microsoft.Extensions.Logging.Logger.Log[TState](LogLevel logLevel, EventId eventId, TState state, Exception exception, Func`3 formatter)
         at Microsoft.AspNetCore.Server.Kestrel.Core.Internal.Infrastructure.KestrelTrace.Log[TState](LogLevel logLevel, EventId eventId, TState state, Exception exception, Func`3 formatter)
         at Microsoft.Extensions.Logging.LoggerExtensions.Log(ILogger logger, LogLevel logLevel, EventId eventId, Exception exception, String message, Object[] args)
         at Microsoft.Extensions.Logging.LoggerExtensions.LogCritical(ILogger logger, EventId eventId, Exception exception, String message, Object[] args)
         at Microsoft.AspNetCore.Server.Kestrel.Core.Internal.HttpConnection.ProcessRequestsAsync[TContext](IHttpApplication`1 httpApplication)
         at Microsoft.AspNetCore.Server.Kestrel.Core.Internal.Infrastructure.KestrelConnection`1.ExecuteAsync()
fail: Microsoft.EntityFrameworkCore.Database.Connection[20004]
      An error occurred using the connection to database 'BDMS_Modern' on server 'DESKTOP-I38R53I'.
fail: Microsoft.EntityFrameworkCore.Query[10100]
      An exception occurred while iterating over the results of a query for context type 'BDMS.Api.Data.BdmsDbContext'.
      System.AggregateException: An error occurred while writing to logger(s). (Cannot open log for source '.NET Runtime'. You may not have write access.)
       ---> System.InvalidOperationException: Cannot open log for source '.NET Runtime'. You may not have write access.
       ---> System.ComponentModel.Win32Exception (5): Access is denied.
         --- End of inner exception stack trace ---
         at System.Diagnostics.EventLogInternal.OpenForWrite(String currentMachineName)
         at System.Diagnostics.EventLogInternal.InternalWriteEvent(UInt32 eventID, UInt16 category, EventLogEntryType type, String[] strings, Byte[] rawData, String currentMachineName)
         at System.Diagnostics.EventLogInternal.WriteEvent(EventInstance instance, Byte[] data, Object[] values)
         at Microsoft.Extensions.Logging.EventLog.WindowsEventLog.WriteEntry(String message, EventLogEntryType type, Int32 eventID, Int16 category)
         at Microsoft.Extensions.Logging.EventLog.EventLogLogger.WriteMessage(String message, EventLogEntryType eventLogEntryType, Int32 eventId)
         at Microsoft.Extensions.Logging.EventLog.EventLogLogger.Log[TState](LogLevel logLevel, EventId eventId, TState state, Exception exception, Func`3 formatter)
         at Microsoft.Extensions.Logging.Logger.<Log>g__LoggerLog|14_0[TState](LogLevel logLevel, EventId eventId, ILogger logger, Exception exception, Func`3 formatter, List`1& exceptions, TState& state)
         --- End of inner exception stack trace ---
         at Microsoft.Extensions.Logging.Logger.ThrowLoggingError(List`1 exceptions)
         at Microsoft.Extensions.Logging.Logger.Log[TState](LogLevel logLevel, EventId eventId, TState state, Exception exception, Func`3 formatter)
         at Microsoft.Extensions.Logging.LoggerMessage.<>c__DisplayClass12_0`2.<Define>g__Log|0(ILogger logger, T1 arg1, T2 arg2, Exception exception)
         at Microsoft.EntityFrameworkCore.Diagnostics.EventDefinition`2.Log[TLoggerCategory](IDiagnosticsLogger`1 logger, TParam1 arg1, TParam2 arg2)
         at Microsoft.EntityFrameworkCore.Diagnostics.Internal.RelationalConnectionDiagnosticsLogger.LogConnectionError(IRelationalConnection connection, EventDefinition`2 definition)
         at Microsoft.EntityFrameworkCore.Diagnostics.Internal.RelationalConnectionDiagnosticsLogger.ConnectionErrorAsync(IRelationalConnection connection, Exception exception, DateTimeOffset startTime, TimeSpan duration, Boolean logErrorAsDebug, CancellationToken cancellationToken)
         at Microsoft.EntityFrameworkCore.Storage.RelationalConnection.OpenInternalAsync(Boolean errorsExpected, CancellationToken cancellationToken)
         at Microsoft.EntityFrameworkCore.Storage.RelationalConnection.OpenAsync(CancellationToken cancellationToken, Boolean errorsExpected)
         at Microsoft.EntityFrameworkCore.Storage.RelationalCommand.ExecuteReaderAsync(RelationalCommandParameterObject parameterObject, CancellationToken cancellationToken)
         at Microsoft.EntityFrameworkCore.Query.Internal.SingleQueryingEnumerable`1.AsyncEnumerator.InitializeReaderAsync(AsyncEnumerator enumerator, CancellationToken cancellationToken)
         at Microsoft.EntityFrameworkCore.SqlServer.Storage.Internal.SqlServerExecutionStrategy.ExecuteAsync[TState,TResult](TState state, Func`4 operation, Func`4 verifySucceeded, CancellationToken cancellationToken)
         at Microsoft.EntityFrameworkCore.Query.Internal.SingleQueryingEnumerable`1.AsyncEnumerator.MoveNextAsync()
      System.AggregateException: An error occurred while writing to logger(s). (Cannot open log for source '.NET Runtime'. You may not have write access.)
       ---> System.InvalidOperationException: Cannot open log for source '.NET Runtime'. You may not have write access.
       ---> System.ComponentModel.Win32Exception (5): Access is denied.
         --- End of inner exception stack trace ---
         at System.Diagnostics.EventLogInternal.OpenForWrite(String currentMachineName)
         at System.Diagnostics.EventLogInternal.InternalWriteEvent(UInt32 eventID, UInt16 category, EventLogEntryType type, String[] strings, Byte[] rawData, String currentMachineName)
         at System.Diagnostics.EventLogInternal.WriteEvent(EventInstance instance, Byte[] data, Object[] values)
         at Microsoft.Extensions.Logging.EventLog.WindowsEventLog.WriteEntry(String message, EventLogEntryType type, Int32 eventID, Int16 category)
         at Microsoft.Extensions.Logging.EventLog.EventLogLogger.WriteMessage(String message, EventLogEntryType eventLogEntryType, Int32 eventId)
         at Microsoft.Extensions.Logging.EventLog.EventLogLogger.Log[TState](LogLevel logLevel, EventId eventId, TState state, Exception exception, Func`3 formatter)
         at Microsoft.Extensions.Logging.Logger.<Log>g__LoggerLog|14_0[TState](LogLevel logLevel, EventId eventId, ILogger logger, Exception exception, Func`3 formatter, List`1& exceptions, TState& state)
         --- End of inner exception stack trace ---
         at Microsoft.Extensions.Logging.Logger.ThrowLoggingError(List`1 exceptions)
         at Microsoft.Extensions.Logging.Logger.Log[TState](LogLevel logLevel, EventId eventId, TState state, Exception exception, Func`3 formatter)
         at Microsoft.Extensions.Logging.LoggerMessage.<>c__DisplayClass12_0`2.<Define>g__Log|0(ILogger logger, T1 arg1, T2 arg2, Exception exception)
         at Microsoft.EntityFrameworkCore.Diagnostics.EventDefinition`2.Log[TLoggerCategory](IDiagnosticsLogger`1 logger, TParam1 arg1, TParam2 arg2)
         at Microsoft.EntityFrameworkCore.Diagnostics.Internal.RelationalConnectionDiagnosticsLogger.LogConnectionError(IRelationalConnection connection, EventDefinition`2 definition)
         at Microsoft.EntityFrameworkCore.Diagnostics.Internal.RelationalConnectionDiagnosticsLogger.ConnectionErrorAsync(IRelationalConnection connection, Exception exception, DateTimeOffset startTime, TimeSpan duration, Boolean logErrorAsDebug, CancellationToken cancellationToken)
         at Microsoft.EntityFrameworkCore.Storage.RelationalConnection.OpenInternalAsync(Boolean errorsExpected, CancellationToken cancellationToken)
         at Microsoft.EntityFrameworkCore.Storage.RelationalConnection.OpenAsync(CancellationToken cancellationToken, Boolean errorsExpected)
         at Microsoft.EntityFrameworkCore.Storage.RelationalCommand.ExecuteReaderAsync(RelationalCommandParameterObject parameterObject, CancellationToken cancellationToken)
         at Microsoft.EntityFrameworkCore.Query.Internal.SingleQueryingEnumerable`1.AsyncEnumerator.InitializeReaderAsync(AsyncEnumerator enumerator, CancellationToken cancellationToken)
         at Microsoft.EntityFrameworkCore.SqlServer.Storage.Internal.SqlServerExecutionStrategy.ExecuteAsync[TState,TResult](TState state, Func`4 operation, Func`4 verifySucceeded, CancellationToken cancellationToken)
         at Microsoft.EntityFrameworkCore.Query.Internal.SingleQueryingEnumerable`1.AsyncEnumerator.MoveNextAsync()
fail: Microsoft.AspNetCore.Diagnostics.DeveloperExceptionPageMiddleware[1]
      An unhandled exception has occurred while executing the request.
      System.AggregateException: An error occurred while writing to logger(s). (Cannot open log for source '.NET Runtime'. You may not have write access.)
       ---> System.InvalidOperationException: Cannot open log for source '.NET Runtime'. You may not have write access.
       ---> System.ComponentModel.Win32Exception (5): Access is denied.
         --- End of inner exception stack trace ---
         at System.Diagnostics.EventLogInternal.OpenForWrite(String currentMachineName)
         at System.Diagnostics.EventLogInternal.InternalWriteEvent(UInt32 eventID, UInt16 category, EventLogEntryType type, String[] strings, Byte[] rawData, String currentMachineName)
         at System.Diagnostics.EventLogInternal.WriteEvent(EventInstance instance, Byte[] data, Object[] values)
         at Microsoft.Extensions.Logging.EventLog.WindowsEventLog.WriteEntry(String message, EventLogEntryType type, Int32 eventID, Int16 category)
         at Microsoft.Extensions.Logging.EventLog.EventLogLogger.WriteMessage(String message, EventLogEntryType eventLogEntryType, Int32 eventId)
         at Microsoft.Extensions.Logging.EventLog.EventLogLogger.Log[TState](LogLevel logLevel, EventId eventId, TState state, Exception exception, Func`3 formatter)
         at Microsoft.Extensions.Logging.Logger.<Log>g__LoggerLog|14_0[TState](LogLevel logLevel, EventId eventId, ILogger logger, Exception exception, Func`3 formatter, List`1& exceptions, TState& state)
         --- End of inner exception stack trace ---
         at Microsoft.Extensions.Logging.Logger.ThrowLoggingError(List`1 exceptions)
         at Microsoft.Extensions.Logging.Logger.Log[TState](LogLevel logLevel, EventId eventId, TState state, Exception exception, Func`3 formatter)
         at Microsoft.Extensions.Logging.LoggerMessage.<>c__DisplayClass14_0`3.<Define>g__Log|0(ILogger logger, T1 arg1, T2 arg2, T3 arg3, Exception exception)
         at Microsoft.EntityFrameworkCore.Diagnostics.EventDefinition`3.Log[TLoggerCategory](IDiagnosticsLogger`1 logger, TParam1 arg1, TParam2 arg2, TParam3 arg3, Exception exception)
         at Microsoft.EntityFrameworkCore.Diagnostics.CoreLoggerExtensions.QueryIterationFailed(IDiagnosticsLogger`1 diagnostics, Type contextType, Exception exception)
         at Microsoft.EntityFrameworkCore.Query.Internal.SingleQueryingEnumerable`1.AsyncEnumerator.MoveNextAsync()
         at Microsoft.EntityFrameworkCore.Query.ShapedQueryCompilingExpressionVisitor.SingleAsync[TSource](IAsyncEnumerable`1 asyncEnumerable, CancellationToken cancellationToken)
         at Microsoft.EntityFrameworkCore.Query.ShapedQueryCompilingExpressionVisitor.SingleAsync[TSource](IAsyncEnumerable`1 asyncEnumerable, CancellationToken cancellationToken)
         at BDMS.Api.Services.BirthApplicationValidator.ValidateAsync(BirthApplicationFormDto dto) in E:\Birth certificate\BDMS-Modern (4)\backend\BDMS.Api\Services\BirthApplicationValidator.cs:line 171
         at BDMS.Api.Controllers.BirthApplicationsController.CreateTemp(BirthApplicationFormDto dto) in E:\Birth certificate\BDMS-Modern (4)\backend\BDMS.Api\Controllers\BirthApplicationsController.cs:line 63
         at lambda_method6(Closure, Object)
         at Microsoft.AspNetCore.Mvc.Infrastructure.ActionMethodExecutor.AwaitableObjectResultExecutor.Execute(ActionContext actionContext, IActionResultTypeMapper mapper, ObjectMethodExecutor executor, Object controller, Object[] arguments)
         at Microsoft.AspNetCore.Mvc.Infrastructure.ControllerActionInvoker.<InvokeActionMethodAsync>g__Awaited|12_0(ControllerActionInvoker invoker, ValueTask`1 actionResultValueTask)
         at Microsoft.AspNetCore.Mvc.Infrastructure.ControllerActionInvoker.<InvokeNextActionFilterAsync>g__Awaited|10_0(ControllerActionInvoker invoker, Task lastTask, State next, Scope scope, Object state, Boolean isCompleted)
         at Microsoft.AspNetCore.Mvc.Infrastructure.ControllerActionInvoker.Rethrow(ActionExecutedContextSealed context)
         at Microsoft.AspNetCore.Mvc.Infrastructure.ControllerActionInvoker.Next(State& next, Scope& scope, Object& state, Boolean& isCompleted)
         at Microsoft.AspNetCore.Mvc.Infrastructure.ControllerActionInvoker.<InvokeInnerFilterAsync>g__Awaited|13_0(ControllerActionInvoker invoker, Task lastTask, State next, Scope scope, Object state, Boolean isCompleted)
         at Microsoft.AspNetCore.Mvc.Infrastructure.ResourceInvoker.<InvokeFilterPipelineAsync>g__Awaited|20_0(ResourceInvoker invoker, Task lastTask, State next, Scope scope, Object state, Boolean isCompleted)
         at Microsoft.AspNetCore.Mvc.Infrastructure.ResourceInvoker.<InvokeAsync>g__Awaited|17_0(ResourceInvoker invoker, Task task, IDisposable scope)
         at Microsoft.AspNetCore.Mvc.Infrastructure.ResourceInvoker.<InvokeAsync>g__Awaited|17_0(ResourceInvoker invoker, Task task, IDisposable scope)
         at Microsoft.AspNetCore.Authorization.AuthorizationMiddleware.Invoke(HttpContext context)
         at Microsoft.AspNetCore.Authentication.AuthenticationMiddleware.Invoke(HttpContext context)
         at Swashbuckle.AspNetCore.SwaggerUI.SwaggerUIMiddleware.Invoke(HttpContext httpContext)
         at Swashbuckle.AspNetCore.Swagger.SwaggerMiddleware.Invoke(HttpContext httpContext, ISwaggerProvider swaggerProvider)
         at Microsoft.AspNetCore.Diagnostics.DeveloperExceptionPageMiddlewareImpl.Invoke(HttpContext context)
fail: Microsoft.AspNetCore.Server.Kestrel[13]
      Connection id "0HNNP4P4I1BEJ", Request id "0HNNP4P4I1BEJ:00000001": An unhandled exception was thrown by the application.
      System.AggregateException: An error occurred while writing to logger(s). (Cannot open log for source '.NET Runtime'. You may not have write access.)
       ---> System.InvalidOperationException: Cannot open log for source '.NET Runtime'. You may not have write access.
       ---> System.ComponentModel.Win32Exception (5): Access is denied.
         --- End of inner exception stack trace ---
         at System.Diagnostics.EventLogInternal.OpenForWrite(String currentMachineName)
         at System.Diagnostics.EventLogInternal.InternalWriteEvent(UInt32 eventID, UInt16 category, EventLogEntryType type, String[] strings, Byte[] rawData, String currentMachineName)
         at System.Diagnostics.EventLogInternal.WriteEvent(EventInstance instance, Byte[] data, Object[] values)
         at Microsoft.Extensions.Logging.EventLog.WindowsEventLog.WriteEntry(String message, EventLogEntryType type, Int32 eventID, Int16 category)
         at Microsoft.Extensions.Logging.EventLog.EventLogLogger.WriteMessage(String message, EventLogEntryType eventLogEntryType, Int32 eventId)
         at Microsoft.Extensions.Logging.EventLog.EventLogLogger.Log[TState](LogLevel logLevel, EventId eventId, TState state, Exception exception, Func`3 formatter)
         at Microsoft.Extensions.Logging.Logger.<Log>g__LoggerLog|14_0[TState](LogLevel logLevel, EventId eventId, ILogger logger, Exception exception, Func`3 formatter, List`1& exceptions, TState& state)
         --- End of inner exception stack trace ---
         at Microsoft.Extensions.Logging.Logger.ThrowLoggingError(List`1 exceptions)
         at Microsoft.Extensions.Logging.Logger.Log[TState](LogLevel logLevel, EventId eventId, TState state, Exception exception, Func`3 formatter)
         at Microsoft.Extensions.Logging.Logger`1.Microsoft.Extensions.Logging.ILogger.Log[TState](LogLevel logLevel, EventId eventId, TState state, Exception exception, Func`3 formatter)
         at Microsoft.Extensions.Logging.LoggerMessage.<>c__DisplayClass8_0.<Define>g__Log|0(ILogger logger, Exception exception)
         at Microsoft.AspNetCore.Diagnostics.DiagnosticsTelemetry.ReportUnhandledException(ILogger logger, HttpContext context, Exception ex)
         at Microsoft.AspNetCore.Diagnostics.DeveloperExceptionPageMiddlewareImpl.Invoke(HttpContext context)
         at Microsoft.AspNetCore.Server.Kestrel.Core.Internal.Http.HttpProtocol.ProcessRequests[TContext](IHttpApplication`1 application)
warn: Microsoft.AspNetCore.Server.Kestrel[0]
      Connection processing ended abnormally.
      System.AggregateException: An error occurred while writing to logger(s). (Cannot open log for source '.NET Runtime'. You may not have write access.)
       ---> System.InvalidOperationException: Cannot open log for source '.NET Runtime'. You may not have write access.
       ---> System.ComponentModel.Win32Exception (5): Access is denied.
         --- End of inner exception stack trace ---
         at System.Diagnostics.EventLogInternal.OpenForWrite(String currentMachineName)
         at System.Diagnostics.EventLogInternal.InternalWriteEvent(UInt32 eventID, UInt16 category, EventLogEntryType type, String[] strings, Byte[] rawData, String currentMachineName)
         at System.Diagnostics.EventLogInternal.WriteEvent(EventInstance instance, Byte[] data, Object[] values)
         at Microsoft.Extensions.Logging.EventLog.WindowsEventLog.WriteEntry(String message, EventLogEntryType type, Int32 eventID, Int16 category)
         at Microsoft.Extensions.Logging.EventLog.EventLogLogger.WriteMessage(String message, EventLogEntryType eventLogEntryType, Int32 eventId)
         at Microsoft.Extensions.Logging.EventLog.EventLogLogger.Log[TState](LogLevel logLevel, EventId eventId, TState state, Exception exception, Func`3 formatter)
         at Microsoft.Extensions.Logging.Logger.<Log>g__LoggerLog|14_0[TState](LogLevel logLevel, EventId eventId, ILogger logger, Exception exception, Func`3 formatter, List`1& exceptions, TState& state)
         --- End of inner exception stack trace ---
         at Microsoft.Extensions.Logging.Logger.ThrowLoggingError(List`1 exceptions)
         at Microsoft.Extensions.Logging.Logger.Log[TState](LogLevel logLevel, EventId eventId, TState state, Exception exception, Func`3 formatter)
         at Microsoft.Extensions.Logging.LoggerMessage.<>c__DisplayClass12_0`2.<Define>g__Log|0(ILogger logger, T1 arg1, T2 arg2, Exception exception)
         at Microsoft.AspNetCore.Server.Kestrel.Core.Internal.Infrastructure.KestrelTrace.GeneralLog.ApplicationError(ILogger logger, String connectionId, String traceIdentifier, Exception ex)
         at Microsoft.AspNetCore.Server.Kestrel.Core.Internal.Http.HttpProtocol.ProcessRequests[TContext](IHttpApplication`1 application)
         at Microsoft.AspNetCore.Server.Kestrel.Core.Internal.Http.HttpProtocol.ProcessRequestsAsync[TContext](IHttpApplication`1 application)
crit: Microsoft.AspNetCore.Server.Kestrel[0]
      Unexpected exception in HttpConnection.ProcessRequestsAsync.
      System.AggregateException: An error occurred while writing to logger(s). (Cannot open log for source '.NET Runtime'. You may not have write access.)
       ---> System.InvalidOperationException: Cannot open log for source '.NET Runtime'. You may not have write access.
       ---> System.ComponentModel.Win32Exception (5): Access is denied.
         --- End of inner exception stack trace ---
         at System.Diagnostics.EventLogInternal.OpenForWrite(String currentMachineName)
         at System.Diagnostics.EventLogInternal.InternalWriteEvent(UInt32 eventID, UInt16 category, EventLogEntryType type, String[] strings, Byte[] rawData, String currentMachineName)
         at System.Diagnostics.EventLogInternal.WriteEvent(EventInstance instance, Byte[] data, Object[] values)
         at Microsoft.Extensions.Logging.EventLog.WindowsEventLog.WriteEntry(String message, EventLogEntryType type, Int32 eventID, Int16 category)
         at Microsoft.Extensions.Logging.EventLog.EventLogLogger.WriteMessage(String message, EventLogEntryType eventLogEntryType, Int32 eventId)
         at Microsoft.Extensions.Logging.EventLog.EventLogLogger.Log[TState](LogLevel logLevel, EventId eventId, TState state, Exception exception, Func`3 formatter)
         at Microsoft.Extensions.Logging.Logger.<Log>g__LoggerLog|14_0[TState](LogLevel logLevel, EventId eventId, ILogger logger, Exception exception, Func`3 formatter, List`1& exceptions, TState& state)
         --- End of inner exception stack trace ---
         at Microsoft.Extensions.Logging.Logger.ThrowLoggingError(List`1 exceptions)
         at Microsoft.Extensions.Logging.Logger.Log[TState](LogLevel logLevel, EventId eventId, TState state, Exception exception, Func`3 formatter)
         at Microsoft.AspNetCore.Server.Kestrel.Core.Internal.Infrastructure.KestrelTrace.Log[TState](LogLevel logLevel, EventId eventId, TState state, Exception exception, Func`3 formatter)
         at Microsoft.Extensions.Logging.LoggerExtensions.Log(ILogger logger, LogLevel logLevel, EventId eventId, Exception exception, String message, Object[] args)
         at Microsoft.Extensions.Logging.LoggerExtensions.LogWarning(ILogger logger, EventId eventId, Exception exception, String message, Object[] args)
         at Microsoft.AspNetCore.Server.Kestrel.Core.Internal.Http.HttpProtocol.ProcessRequestsAsync[TContext](IHttpApplication`1 application)
         at Microsoft.AspNetCore.Server.Kestrel.Core.Internal.Http.HttpProtocol.ProcessRequestsAsync[TContext](IHttpApplication`1 application)
         at Microsoft.AspNetCore.Server.Kestrel.Core.Internal.HttpConnection.ProcessRequestsAsync[TContext](IHttpApplication`1 httpApplication)
fail: Microsoft.AspNetCore.Server.Kestrel[0]
      Unhandled exception while processing 0HNNP4P4I1BEJ.
      System.AggregateException: An error occurred while writing to logger(s). (Cannot open log for source '.NET Runtime'. You may not have write access.)
       ---> System.InvalidOperationException: Cannot open log for source '.NET Runtime'. You may not have write access.
       ---> System.ComponentModel.Win32Exception (5): Access is denied.
         --- End of inner exception stack trace ---
         at System.Diagnostics.EventLogInternal.OpenForWrite(String currentMachineName)
         at System.Diagnostics.EventLogInternal.InternalWriteEvent(UInt32 eventID, UInt16 category, EventLogEntryType type, String[] strings, Byte[] rawData, String currentMachineName)
         at System.Diagnostics.EventLogInternal.WriteEvent(EventInstance instance, Byte[] data, Object[] values)
         at Microsoft.Extensions.Logging.EventLog.WindowsEventLog.WriteEntry(String message, EventLogEntryType type, Int32 eventID, Int16 category)
         at Microsoft.Extensions.Logging.EventLog.EventLogLogger.WriteMessage(String message, EventLogEntryType eventLogEntryType, Int32 eventId)
         at Microsoft.Extensions.Logging.EventLog.EventLogLogger.Log[TState](LogLevel logLevel, EventId eventId, TState state, Exception exception, Func`3 formatter)
         at Microsoft.Extensions.Logging.Logger.<Log>g__LoggerLog|14_0[TState](LogLevel logLevel, EventId eventId, ILogger logger, Exception exception, Func`3 formatter, List`1& exceptions, TState& state)
         --- End of inner exception stack trace ---
         at Microsoft.Extensions.Logging.Logger.ThrowLoggingError(List`1 exceptions)
         at Microsoft.Extensions.Logging.Logger.Log[TState](LogLevel logLevel, EventId eventId, TState state, Exception exception, Func`3 formatter)
         at Microsoft.AspNetCore.Server.Kestrel.Core.Internal.Infrastructure.KestrelTrace.Log[TState](LogLevel logLevel, EventId eventId, TState state, Exception exception, Func`3 formatter)
         at Microsoft.Extensions.Logging.LoggerExtensions.Log(ILogger logger, LogLevel logLevel, EventId eventId, Exception exception, String message, Object[] args)
         at Microsoft.Extensions.Logging.LoggerExtensions.LogCritical(ILogger logger, EventId eventId, Exception exception, String message, Object[] args)
         at Microsoft.AspNetCore.Server.Kestrel.Core.Internal.HttpConnection.ProcessRequestsAsync[TContext](IHttpApplication`1 httpApplication)
         at Microsoft.AspNetCore.Server.Kestrel.Core.Internal.Infrastructure.KestrelConnection`1.ExecuteAsync()
fail: Microsoft.EntityFrameworkCore.Database.Connection[20004]
      An error occurred using the connection to database 'BDMS_Modern' on server 'DESKTOP-I38R53I'.
fail: Microsoft.EntityFrameworkCore.Query[10100]
      An exception occurred while iterating over the results of a query for context type 'BDMS.Api.Data.BdmsDbContext'.
      System.AggregateException: An error occurred while writing to logger(s). (Cannot open log for source '.NET Runtime'. You may not have write access.)
       ---> System.InvalidOperationException: Cannot open log for source '.NET Runtime'. You may not have write access.
       ---> System.ComponentModel.Win32Exception (5): Access is denied.
         --- End of inner exception stack trace ---
         at System.Diagnostics.EventLogInternal.OpenForWrite(String currentMachineName)
         at System.Diagnostics.EventLogInternal.InternalWriteEvent(UInt32 eventID, UInt16 category, EventLogEntryType type, String[] strings, Byte[] rawData, String currentMachineName)
         at System.Diagnostics.EventLogInternal.WriteEvent(EventInstance instance, Byte[] data, Object[] values)
         at Microsoft.Extensions.Logging.EventLog.WindowsEventLog.WriteEntry(String message, EventLogEntryType type, Int32 eventID, Int16 category)
         at Microsoft.Extensions.Logging.EventLog.EventLogLogger.WriteMessage(String message, EventLogEntryType eventLogEntryType, Int32 eventId)
         at Microsoft.Extensions.Logging.EventLog.EventLogLogger.Log[TState](LogLevel logLevel, EventId eventId, TState state, Exception exception, Func`3 formatter)
         at Microsoft.Extensions.Logging.Logger.<Log>g__LoggerLog|14_0[TState](LogLevel logLevel, EventId eventId, ILogger logger, Exception exception, Func`3 formatter, List`1& exceptions, TState& state)
         --- End of inner exception stack trace ---
         at Microsoft.Extensions.Logging.Logger.ThrowLoggingError(List`1 exceptions)
         at Microsoft.Extensions.Logging.Logger.Log[TState](LogLevel logLevel, EventId eventId, TState state, Exception exception, Func`3 formatter)
         at Microsoft.Extensions.Logging.LoggerMessage.<>c__DisplayClass12_0`2.<Define>g__Log|0(ILogger logger, T1 arg1, T2 arg2, Exception exception)
         at Microsoft.EntityFrameworkCore.Diagnostics.EventDefinition`2.Log[TLoggerCategory](IDiagnosticsLogger`1 logger, TParam1 arg1, TParam2 arg2)
         at Microsoft.EntityFrameworkCore.Diagnostics.Internal.RelationalConnectionDiagnosticsLogger.LogConnectionError(IRelationalConnection connection, EventDefinition`2 definition)
         at Microsoft.EntityFrameworkCore.Diagnostics.Internal.RelationalConnectionDiagnosticsLogger.ConnectionErrorAsync(IRelationalConnection connection, Exception exception, DateTimeOffset startTime, TimeSpan duration, Boolean logErrorAsDebug, CancellationToken cancellationToken)
         at Microsoft.EntityFrameworkCore.Storage.RelationalConnection.OpenInternalAsync(Boolean errorsExpected, CancellationToken cancellationToken)
         at Microsoft.EntityFrameworkCore.Storage.RelationalConnection.OpenAsync(CancellationToken cancellationToken, Boolean errorsExpected)
         at Microsoft.EntityFrameworkCore.Storage.RelationalCommand.ExecuteReaderAsync(RelationalCommandParameterObject parameterObject, CancellationToken cancellationToken)
         at Microsoft.EntityFrameworkCore.Query.Internal.SingleQueryingEnumerable`1.AsyncEnumerator.InitializeReaderAsync(AsyncEnumerator enumerator, CancellationToken cancellationToken)
         at Microsoft.EntityFrameworkCore.SqlServer.Storage.Internal.SqlServerExecutionStrategy.ExecuteAsync[TState,TResult](TState state, Func`4 operation, Func`4 verifySucceeded, CancellationToken cancellationToken)
         at Microsoft.EntityFrameworkCore.Query.Internal.SingleQueryingEnumerable`1.AsyncEnumerator.MoveNextAsync()
      System.AggregateException: An error occurred while writing to logger(s). (Cannot open log for source '.NET Runtime'. You may not have write access.)
       ---> System.InvalidOperationException: Cannot open log for source '.NET Runtime'. You may not have write access.
       ---> System.ComponentModel.Win32Exception (5): Access is denied.
         --- End of inner exception stack trace ---
         at System.Diagnostics.EventLogInternal.OpenForWrite(String currentMachineName)
         at System.Diagnostics.EventLogInternal.InternalWriteEvent(UInt32 eventID, UInt16 category, EventLogEntryType type, String[] strings, Byte[] rawData, String currentMachineName)
         at System.Diagnostics.EventLogInternal.WriteEvent(EventInstance instance, Byte[] data, Object[] values)
         at Microsoft.Extensions.Logging.EventLog.WindowsEventLog.WriteEntry(String message, EventLogEntryType type, Int32 eventID, Int16 category)
         at Microsoft.Extensions.Logging.EventLog.EventLogLogger.WriteMessage(String message, EventLogEntryType eventLogEntryType, Int32 eventId)
         at Microsoft.Extensions.Logging.EventLog.EventLogLogger.Log[TState](LogLevel logLevel, EventId eventId, TState state, Exception exception, Func`3 formatter)
         at Microsoft.Extensions.Logging.Logger.<Log>g__LoggerLog|14_0[TState](LogLevel logLevel, EventId eventId, ILogger logger, Exception exception, Func`3 formatter, List`1& exceptions, TState& state)
         --- End of inner exception stack trace ---
         at Microsoft.Extensions.Logging.Logger.ThrowLoggingError(List`1 exceptions)
         at Microsoft.Extensions.Logging.Logger.Log[TState](LogLevel logLevel, EventId eventId, TState state, Exception exception, Func`3 formatter)
         at Microsoft.Extensions.Logging.LoggerMessage.<>c__DisplayClass12_0`2.<Define>g__Log|0(ILogger logger, T1 arg1, T2 arg2, Exception exception)
         at Microsoft.EntityFrameworkCore.Diagnostics.EventDefinition`2.Log[TLoggerCategory](IDiagnosticsLogger`1 logger, TParam1 arg1, TParam2 arg2)
         at Microsoft.EntityFrameworkCore.Diagnostics.Internal.RelationalConnectionDiagnosticsLogger.LogConnectionError(IRelationalConnection connection, EventDefinition`2 definition)
         at Microsoft.EntityFrameworkCore.Diagnostics.Internal.RelationalConnectionDiagnosticsLogger.ConnectionErrorAsync(IRelationalConnection connection, Exception exception, DateTimeOffset startTime, TimeSpan duration, Boolean logErrorAsDebug, CancellationToken cancellationToken)
         at Microsoft.EntityFrameworkCore.Storage.RelationalConnection.OpenInternalAsync(Boolean errorsExpected, CancellationToken cancellationToken)
         at Microsoft.EntityFrameworkCore.Storage.RelationalConnection.OpenAsync(CancellationToken cancellationToken, Boolean errorsExpected)
         at Microsoft.EntityFrameworkCore.Storage.RelationalCommand.ExecuteReaderAsync(RelationalCommandParameterObject parameterObject, CancellationToken cancellationToken)
         at Microsoft.EntityFrameworkCore.Query.Internal.SingleQueryingEnumerable`1.AsyncEnumerator.InitializeReaderAsync(AsyncEnumerator enumerator, CancellationToken cancellationToken)
         at Microsoft.EntityFrameworkCore.SqlServer.Storage.Internal.SqlServerExecutionStrategy.ExecuteAsync[TState,TResult](TState state, Func`4 operation, Func`4 verifySucceeded, CancellationToken cancellationToken)
         at Microsoft.EntityFrameworkCore.Query.Internal.SingleQueryingEnumerable`1.AsyncEnumerator.MoveNextAsync()
fail: Microsoft.AspNetCore.Diagnostics.DeveloperExceptionPageMiddleware[1]
      An unhandled exception has occurred while executing the request.
      System.AggregateException: An error occurred while writing to logger(s). (Cannot open log for source '.NET Runtime'. You may not have write access.)
       ---> System.InvalidOperationException: Cannot open log for source '.NET Runtime'. You may not have write access.
       ---> System.ComponentModel.Win32Exception (5): Access is denied.
         --- End of inner exception stack trace ---
         at System.Diagnostics.EventLogInternal.OpenForWrite(String currentMachineName)
         at System.Diagnostics.EventLogInternal.InternalWriteEvent(UInt32 eventID, UInt16 category, EventLogEntryType type, String[] strings, Byte[] rawData, String currentMachineName)
         at System.Diagnostics.EventLogInternal.WriteEvent(EventInstance instance, Byte[] data, Object[] values)
         at Microsoft.Extensions.Logging.EventLog.WindowsEventLog.WriteEntry(String message, EventLogEntryType type, Int32 eventID, Int16 category)
         at Microsoft.Extensions.Logging.EventLog.EventLogLogger.WriteMessage(String message, EventLogEntryType eventLogEntryType, Int32 eventId)
         at Microsoft.Extensions.Logging.EventLog.EventLogLogger.Log[TState](LogLevel logLevel, EventId eventId, TState state, Exception exception, Func`3 formatter)
         at Microsoft.Extensions.Logging.Logger.<Log>g__LoggerLog|14_0[TState](LogLevel logLevel, EventId eventId, ILogger logger, Exception exception, Func`3 formatter, List`1& exceptions, TState& state)
         --- End of inner exception stack trace ---
         at Microsoft.Extensions.Logging.Logger.ThrowLoggingError(List`1 exceptions)
         at Microsoft.Extensions.Logging.Logger.Log[TState](LogLevel logLevel, EventId eventId, TState state, Exception exception, Func`3 formatter)
         at Microsoft.Extensions.Logging.LoggerMessage.<>c__DisplayClass14_0`3.<Define>g__Log|0(ILogger logger, T1 arg1, T2 arg2, T3 arg3, Exception exception)
         at Microsoft.EntityFrameworkCore.Diagnostics.EventDefinition`3.Log[TLoggerCategory](IDiagnosticsLogger`1 logger, TParam1 arg1, TParam2 arg2, TParam3 arg3, Exception exception)
         at Microsoft.EntityFrameworkCore.Diagnostics.CoreLoggerExtensions.QueryIterationFailed(IDiagnosticsLogger`1 diagnostics, Type contextType, Exception exception)
         at Microsoft.EntityFrameworkCore.Query.Internal.SingleQueryingEnumerable`1.AsyncEnumerator.MoveNextAsync()
         at Microsoft.EntityFrameworkCore.Query.ShapedQueryCompilingExpressionVisitor.SingleAsync[TSource](IAsyncEnumerable`1 asyncEnumerable, CancellationToken cancellationToken)
         at Microsoft.EntityFrameworkCore.Query.ShapedQueryCompilingExpressionVisitor.SingleAsync[TSource](IAsyncEnumerable`1 asyncEnumerable, CancellationToken cancellationToken)
         at BDMS.Api.Services.BirthApplicationValidator.ValidateAsync(BirthApplicationFormDto dto) in E:\Birth certificate\BDMS-Modern (4)\backend\BDMS.Api\Services\BirthApplicationValidator.cs:line 171
         at BDMS.Api.Controllers.BirthApplicationsController.CreateTemp(BirthApplicationFormDto dto) in E:\Birth certificate\BDMS-Modern (4)\backend\BDMS.Api\Controllers\BirthApplicationsController.cs:line 63
         at lambda_method6(Closure, Object)
         at Microsoft.AspNetCore.Mvc.Infrastructure.ActionMethodExecutor.AwaitableObjectResultExecutor.Execute(ActionContext actionContext, IActionResultTypeMapper mapper, ObjectMethodExecutor executor, Object controller, Object[] arguments)
         at Microsoft.AspNetCore.Mvc.Infrastructure.ControllerActionInvoker.<InvokeActionMethodAsync>g__Awaited|12_0(ControllerActionInvoker invoker, ValueTask`1 actionResultValueTask)
         at Microsoft.AspNetCore.Mvc.Infrastructure.ControllerActionInvoker.<InvokeNextActionFilterAsync>g__Awaited|10_0(ControllerActionInvoker invoker, Task lastTask, State next, Scope scope, Object state, Boolean isCompleted)
         at Microsoft.AspNetCore.Mvc.Infrastructure.ControllerActionInvoker.Rethrow(ActionExecutedContextSealed context)
         at Microsoft.AspNetCore.Mvc.Infrastructure.ControllerActionInvoker.Next(State& next, Scope& scope, Object& state, Boolean& isCompleted)
         at Microsoft.AspNetCore.Mvc.Infrastructure.ControllerActionInvoker.<InvokeInnerFilterAsync>g__Awaited|13_0(ControllerActionInvoker invoker, Task lastTask, State next, Scope scope, Object state, Boolean isCompleted)
         at Microsoft.AspNetCore.Mvc.Infrastructure.ResourceInvoker.<InvokeFilterPipelineAsync>g__Awaited|20_0(ResourceInvoker invoker, Task lastTask, State next, Scope scope, Object state, Boolean isCompleted)
         at Microsoft.AspNetCore.Mvc.Infrastructure.ResourceInvoker.<InvokeAsync>g__Awaited|17_0(ResourceInvoker invoker, Task task, IDisposable scope)
         at Microsoft.AspNetCore.Mvc.Infrastructure.ResourceInvoker.<InvokeAsync>g__Awaited|17_0(ResourceInvoker invoker, Task task, IDisposable scope)
         at Microsoft.AspNetCore.Authorization.AuthorizationMiddleware.Invoke(HttpContext context)
         at Microsoft.AspNetCore.Authentication.AuthenticationMiddleware.Invoke(HttpContext context)
         at Swashbuckle.AspNetCore.SwaggerUI.SwaggerUIMiddleware.Invoke(HttpContext httpContext)
         at Swashbuckle.AspNetCore.Swagger.SwaggerMiddleware.Invoke(HttpContext httpContext, ISwaggerProvider swaggerProvider)
         at Microsoft.AspNetCore.Diagnostics.DeveloperExceptionPageMiddlewareImpl.Invoke(HttpContext context)
fail: Microsoft.AspNetCore.Server.Kestrel[13]
      Connection id "0HNNP4P4I1BEK", Request id "0HNNP4P4I1BEK:00000001": An unhandled exception was thrown by the application.
      System.AggregateException: An error occurred while writing to logger(s). (Cannot open log for source '.NET Runtime'. You may not have write access.)
       ---> System.InvalidOperationException: Cannot open log for source '.NET Runtime'. You may not have write access.
       ---> System.ComponentModel.Win32Exception (5): Access is denied.
         --- End of inner exception stack trace ---
         at System.Diagnostics.EventLogInternal.OpenForWrite(String currentMachineName)
         at System.Diagnostics.EventLogInternal.InternalWriteEvent(UInt32 eventID, UInt16 category, EventLogEntryType type, String[] strings, Byte[] rawData, String currentMachineName)
         at System.Diagnostics.EventLogInternal.WriteEvent(EventInstance instance, Byte[] data, Object[] values)
         at Microsoft.Extensions.Logging.EventLog.WindowsEventLog.WriteEntry(String message, EventLogEntryType type, Int32 eventID, Int16 category)
         at Microsoft.Extensions.Logging.EventLog.EventLogLogger.WriteMessage(String message, EventLogEntryType eventLogEntryType, Int32 eventId)
         at Microsoft.Extensions.Logging.EventLog.EventLogLogger.Log[TState](LogLevel logLevel, EventId eventId, TState state, Exception exception, Func`3 formatter)
         at Microsoft.Extensions.Logging.Logger.<Log>g__LoggerLog|14_0[TState](LogLevel logLevel, EventId eventId, ILogger logger, Exception exception, Func`3 formatter, List`1& exceptions, TState& state)
         --- End of inner exception stack trace ---
         at Microsoft.Extensions.Logging.Logger.ThrowLoggingError(List`1 exceptions)
         at Microsoft.Extensions.Logging.Logger.Log[TState](LogLevel logLevel, EventId eventId, TState state, Exception exception, Func`3 formatter)
         at Microsoft.Extensions.Logging.Logger`1.Microsoft.Extensions.Logging.ILogger.Log[TState](LogLevel logLevel, EventId eventId, TState state, Exception exception, Func`3 formatter)
         at Microsoft.Extensions.Logging.LoggerMessage.<>c__DisplayClass8_0.<Define>g__Log|0(ILogger logger, Exception exception)
         at Microsoft.AspNetCore.Diagnostics.DiagnosticsTelemetry.ReportUnhandledException(ILogger logger, HttpContext context, Exception ex)
         at Microsoft.AspNetCore.Diagnostics.DeveloperExceptionPageMiddlewareImpl.Invoke(HttpContext context)
         at Microsoft.AspNetCore.Server.Kestrel.Core.Internal.Http.HttpProtocol.ProcessRequests[TContext](IHttpApplication`1 application)
warn: Microsoft.AspNetCore.Server.Kestrel[0]
      Connection processing ended abnormally.
      System.AggregateException: An error occurred while writing to logger(s). (Cannot open log for source '.NET Runtime'. You may not have write access.)
       ---> System.InvalidOperationException: Cannot open log for source '.NET Runtime'. You may not have write access.
       ---> System.ComponentModel.Win32Exception (5): Access is denied.
         --- End of inner exception stack trace ---
         at System.Diagnostics.EventLogInternal.OpenForWrite(String currentMachineName)
         at System.Diagnostics.EventLogInternal.InternalWriteEvent(UInt32 eventID, UInt16 category, EventLogEntryType type, String[] strings, Byte[] rawData, String currentMachineName)
         at System.Diagnostics.EventLogInternal.WriteEvent(EventInstance instance, Byte[] data, Object[] values)
         at Microsoft.Extensions.Logging.EventLog.WindowsEventLog.WriteEntry(String message, EventLogEntryType type, Int32 eventID, Int16 category)
         at Microsoft.Extensions.Logging.EventLog.EventLogLogger.WriteMessage(String message, EventLogEntryType eventLogEntryType, Int32 eventId)
         at Microsoft.Extensions.Logging.EventLog.EventLogLogger.Log[TState](LogLevel logLevel, EventId eventId, TState state, Exception exception, Func`3 formatter)
         at Microsoft.Extensions.Logging.Logger.<Log>g__LoggerLog|14_0[TState](LogLevel logLevel, EventId eventId, ILogger logger, Exception exception, Func`3 formatter, List`1& exceptions, TState& state)
         --- End of inner exception stack trace ---
         at Microsoft.Extensions.Logging.Logger.ThrowLoggingError(List`1 exceptions)
         at Microsoft.Extensions.Logging.Logger.Log[TState](LogLevel logLevel, EventId eventId, TState state, Exception exception, Func`3 formatter)
         at Microsoft.Extensions.Logging.LoggerMessage.<>c__DisplayClass12_0`2.<Define>g__Log|0(ILogger logger, T1 arg1, T2 arg2, Exception exception)
         at Microsoft.AspNetCore.Server.Kestrel.Core.Internal.Infrastructure.KestrelTrace.GeneralLog.ApplicationError(ILogger logger, String connectionId, String traceIdentifier, Exception ex)
         at Microsoft.AspNetCore.Server.Kestrel.Core.Internal.Http.HttpProtocol.ProcessRequests[TContext](IHttpApplication`1 application)
         at Microsoft.AspNetCore.Server.Kestrel.Core.Internal.Http.HttpProtocol.ProcessRequestsAsync[TContext](IHttpApplication`1 application)
crit: Microsoft.AspNetCore.Server.Kestrel[0]
      Unexpected exception in HttpConnection.ProcessRequestsAsync.
      System.AggregateException: An error occurred while writing to logger(s). (Cannot open log for source '.NET Runtime'. You may not have write access.)
       ---> System.InvalidOperationException: Cannot open log for source '.NET Runtime'. You may not have write access.
       ---> System.ComponentModel.Win32Exception (5): Access is denied.
         --- End of inner exception stack trace ---
         at System.Diagnostics.EventLogInternal.OpenForWrite(String currentMachineName)
         at System.Diagnostics.EventLogInternal.InternalWriteEvent(UInt32 eventID, UInt16 category, EventLogEntryType type, String[] strings, Byte[] rawData, String currentMachineName)
         at System.Diagnostics.EventLogInternal.WriteEvent(EventInstance instance, Byte[] data, Object[] values)
         at Microsoft.Extensions.Logging.EventLog.WindowsEventLog.WriteEntry(String message, EventLogEntryType type, Int32 eventID, Int16 category)
         at Microsoft.Extensions.Logging.EventLog.EventLogLogger.WriteMessage(String message, EventLogEntryType eventLogEntryType, Int32 eventId)
         at Microsoft.Extensions.Logging.EventLog.EventLogLogger.Log[TState](LogLevel logLevel, EventId eventId, TState state, Exception exception, Func`3 formatter)
         at Microsoft.Extensions.Logging.Logger.<Log>g__LoggerLog|14_0[TState](LogLevel logLevel, EventId eventId, ILogger logger, Exception exception, Func`3 formatter, List`1& exceptions, TState& state)
         --- End of inner exception stack trace ---
         at Microsoft.Extensions.Logging.Logger.ThrowLoggingError(List`1 exceptions)
         at Microsoft.Extensions.Logging.Logger.Log[TState](LogLevel logLevel, EventId eventId, TState state, Exception exception, Func`3 formatter)
         at Microsoft.AspNetCore.Server.Kestrel.Core.Internal.Infrastructure.KestrelTrace.Log[TState](LogLevel logLevel, EventId eventId, TState state, Exception exception, Func`3 formatter)
         at Microsoft.Extensions.Logging.LoggerExtensions.Log(ILogger logger, LogLevel logLevel, EventId eventId, Exception exception, String message, Object[] args)
         at Microsoft.Extensions.Logging.LoggerExtensions.LogWarning(ILogger logger, EventId eventId, Exception exception, String message, Object[] args)
         at Microsoft.AspNetCore.Server.Kestrel.Core.Internal.Http.HttpProtocol.ProcessRequestsAsync[TContext](IHttpApplication`1 application)
         at Microsoft.AspNetCore.Server.Kestrel.Core.Internal.Http.HttpProtocol.ProcessRequestsAsync[TContext](IHttpApplication`1 application)
         at Microsoft.AspNetCore.Server.Kestrel.Core.Internal.HttpConnection.ProcessRequestsAsync[TContext](IHttpApplication`1 httpApplication)
fail: Microsoft.AspNetCore.Server.Kestrel[0]
      Unhandled exception while processing 0HNNP4P4I1BEK.
      System.AggregateException: An error occurred while writing to logger(s). (Cannot open log for source '.NET Runtime'. You may not have write access.)
       ---> System.InvalidOperationException: Cannot open log for source '.NET Runtime'. You may not have write access.
       ---> System.ComponentModel.Win32Exception (5): Access is denied.
         --- End of inner exception stack trace ---
         at System.Diagnostics.EventLogInternal.OpenForWrite(String currentMachineName)
         at System.Diagnostics.EventLogInternal.InternalWriteEvent(UInt32 eventID, UInt16 category, EventLogEntryType type, String[] strings, Byte[] rawData, String currentMachineName)
         at System.Diagnostics.EventLogInternal.WriteEvent(EventInstance instance, Byte[] data, Object[] values)
         at Microsoft.Extensions.Logging.EventLog.WindowsEventLog.WriteEntry(String message, EventLogEntryType type, Int32 eventID, Int16 category)
         at Microsoft.Extensions.Logging.EventLog.EventLogLogger.WriteMessage(String message, EventLogEntryType eventLogEntryType, Int32 eventId)
         at Microsoft.Extensions.Logging.EventLog.EventLogLogger.Log[TState](LogLevel logLevel, EventId eventId, TState state, Exception exception, Func`3 formatter)
         at Microsoft.Extensions.Logging.Logger.<Log>g__LoggerLog|14_0[TState](LogLevel logLevel, EventId eventId, ILogger logger, Exception exception, Func`3 formatter, List`1& exceptions, TState& state)
         --- End of inner exception stack trace ---
         at Microsoft.Extensions.Logging.Logger.ThrowLoggingError(List`1 exceptions)
         at Microsoft.Extensions.Logging.Logger.Log[TState](LogLevel logLevel, EventId eventId, TState state, Exception exception, Func`3 formatter)
         at Microsoft.AspNetCore.Server.Kestrel.Core.Internal.Infrastructure.KestrelTrace.Log[TState](LogLevel logLevel, EventId eventId, TState state, Exception exception, Func`3 formatter)
         at Microsoft.Extensions.Logging.LoggerExtensions.Log(ILogger logger, LogLevel logLevel, EventId eventId, Exception exception, String message, Object[] args)
         at Microsoft.Extensions.Logging.LoggerExtensions.LogCritical(ILogger logger, EventId eventId, Exception exception, String message, Object[] args)
         at Microsoft.AspNetCore.Server.Kestrel.Core.Internal.HttpConnection.ProcessRequestsAsync[TContext](IHttpApplication`1 httpApplication)
         at Microsoft.AspNetCore.Server.Kestrel.Core.Internal.Infrastructure.KestrelConnection`1.ExecuteAsync()
fail: Microsoft.EntityFrameworkCore.Database.Connection[20004]
      An error occurred using the connection to database 'BDMS_Modern' on server 'DESKTOP-I38R53I'.
fail: Microsoft.EntityFrameworkCore.Query[10100]
      An exception occurred while iterating over the results of a query for context type 'BDMS.Api.Data.BdmsDbContext'.
      System.AggregateException: An error occurred while writing to logger(s). (Cannot open log for source '.NET Runtime'. You may not have write access.)
       ---> System.InvalidOperationException: Cannot open log for source '.NET Runtime'. You may not have write access.
       ---> System.ComponentModel.Win32Exception (5): Access is denied.
         --- End of inner exception stack trace ---
         at System.Diagnostics.EventLogInternal.OpenForWrite(String currentMachineName)
         at System.Diagnostics.EventLogInternal.InternalWriteEvent(UInt32 eventID, UInt16 category, EventLogEntryType type, String[] strings, Byte[] rawData, String currentMachineName)
         at System.Diagnostics.EventLogInternal.WriteEvent(EventInstance instance, Byte[] data, Object[] values)
         at Microsoft.Extensions.Logging.EventLog.WindowsEventLog.WriteEntry(String message, EventLogEntryType type, Int32 eventID, Int16 category)
         at Microsoft.Extensions.Logging.EventLog.EventLogLogger.WriteMessage(String message, EventLogEntryType eventLogEntryType, Int32 eventId)
         at Microsoft.Extensions.Logging.EventLog.EventLogLogger.Log[TState](LogLevel logLevel, EventId eventId, TState state, Exception exception, Func`3 formatter)
         at Microsoft.Extensions.Logging.Logger.<Log>g__LoggerLog|14_0[TState](LogLevel logLevel, EventId eventId, ILogger logger, Exception exception, Func`3 formatter, List`1& exceptions, TState& state)
         --- End of inner exception stack trace ---
         at Microsoft.Extensions.Logging.Logger.ThrowLoggingError(List`1 exceptions)
         at Microsoft.Extensions.Logging.Logger.Log[TState](LogLevel logLevel, EventId eventId, TState state, Exception exception, Func`3 formatter)
         at Microsoft.Extensions.Logging.LoggerMessage.<>c__DisplayClass12_0`2.<Define>g__Log|0(ILogger logger, T1 arg1, T2 arg2, Exception exception)
         at Microsoft.EntityFrameworkCore.Diagnostics.EventDefinition`2.Log[TLoggerCategory](IDiagnosticsLogger`1 logger, TParam1 arg1, TParam2 arg2)
         at Microsoft.EntityFrameworkCore.Diagnostics.Internal.RelationalConnectionDiagnosticsLogger.LogConnectionError(IRelationalConnection connection, EventDefinition`2 definition)
         at Microsoft.EntityFrameworkCore.Diagnostics.Internal.RelationalConnectionDiagnosticsLogger.ConnectionErrorAsync(IRelationalConnection connection, Exception exception, DateTimeOffset startTime, TimeSpan duration, Boolean logErrorAsDebug, CancellationToken cancellationToken)
         at Microsoft.EntityFrameworkCore.Storage.RelationalConnection.OpenInternalAsync(Boolean errorsExpected, CancellationToken cancellationToken)
         at Microsoft.EntityFrameworkCore.Storage.RelationalConnection.OpenAsync(CancellationToken cancellationToken, Boolean errorsExpected)
         at Microsoft.EntityFrameworkCore.Storage.RelationalCommand.ExecuteReaderAsync(RelationalCommandParameterObject parameterObject, CancellationToken cancellationToken)
         at Microsoft.EntityFrameworkCore.Query.Internal.SingleQueryingEnumerable`1.AsyncEnumerator.InitializeReaderAsync(AsyncEnumerator enumerator, CancellationToken cancellationToken)
         at Microsoft.EntityFrameworkCore.SqlServer.Storage.Internal.SqlServerExecutionStrategy.ExecuteAsync[TState,TResult](TState state, Func`4 operation, Func`4 verifySucceeded, CancellationToken cancellationToken)
         at Microsoft.EntityFrameworkCore.Query.Internal.SingleQueryingEnumerable`1.AsyncEnumerator.MoveNextAsync()
      System.AggregateException: An error occurred while writing to logger(s). (Cannot open log for source '.NET Runtime'. You may not have write access.)
       ---> System.InvalidOperationException: Cannot open log for source '.NET Runtime'. You may not have write access.
       ---> System.ComponentModel.Win32Exception (5): Access is denied.
         --- End of inner exception stack trace ---
         at System.Diagnostics.EventLogInternal.OpenForWrite(String currentMachineName)
         at System.Diagnostics.EventLogInternal.InternalWriteEvent(UInt32 eventID, UInt16 category, EventLogEntryType type, String[] strings, Byte[] rawData, String currentMachineName)
         at System.Diagnostics.EventLogInternal.WriteEvent(EventInstance instance, Byte[] data, Object[] values)
         at Microsoft.Extensions.Logging.EventLog.WindowsEventLog.WriteEntry(String message, EventLogEntryType type, Int32 eventID, Int16 category)
         at Microsoft.Extensions.Logging.EventLog.EventLogLogger.WriteMessage(String message, EventLogEntryType eventLogEntryType, Int32 eventId)
         at Microsoft.Extensions.Logging.EventLog.EventLogLogger.Log[TState](LogLevel logLevel, EventId eventId, TState state, Exception exception, Func`3 formatter)
         at Microsoft.Extensions.Logging.Logger.<Log>g__LoggerLog|14_0[TState](LogLevel logLevel, EventId eventId, ILogger logger, Exception exception, Func`3 formatter, List`1& exceptions, TState& state)
         --- End of inner exception stack trace ---
         at Microsoft.Extensions.Logging.Logger.ThrowLoggingError(List`1 exceptions)
         at Microsoft.Extensions.Logging.Logger.Log[TState](LogLevel logLevel, EventId eventId, TState state, Exception exception, Func`3 formatter)
         at Microsoft.Extensions.Logging.LoggerMessage.<>c__DisplayClass12_0`2.<Define>g__Log|0(ILogger logger, T1 arg1, T2 arg2, Exception exception)
         at Microsoft.EntityFrameworkCore.Diagnostics.EventDefinition`2.Log[TLoggerCategory](IDiagnosticsLogger`1 logger, TParam1 arg1, TParam2 arg2)
         at Microsoft.EntityFrameworkCore.Diagnostics.Internal.RelationalConnectionDiagnosticsLogger.LogConnectionError(IRelationalConnection connection, EventDefinition`2 definition)
         at Microsoft.EntityFrameworkCore.Diagnostics.Internal.RelationalConnectionDiagnosticsLogger.ConnectionErrorAsync(IRelationalConnection connection, Exception exception, DateTimeOffset startTime, TimeSpan duration, Boolean logErrorAsDebug, CancellationToken cancellationToken)
         at Microsoft.EntityFrameworkCore.Storage.RelationalConnection.OpenInternalAsync(Boolean errorsExpected, CancellationToken cancellationToken)
         at Microsoft.EntityFrameworkCore.Storage.RelationalConnection.OpenAsync(CancellationToken cancellationToken, Boolean errorsExpected)
         at Microsoft.EntityFrameworkCore.Storage.RelationalCommand.ExecuteReaderAsync(RelationalCommandParameterObject parameterObject, CancellationToken cancellationToken)
         at Microsoft.EntityFrameworkCore.Query.Internal.SingleQueryingEnumerable`1.AsyncEnumerator.InitializeReaderAsync(AsyncEnumerator enumerator, CancellationToken cancellationToken)
         at Microsoft.EntityFrameworkCore.SqlServer.Storage.Internal.SqlServerExecutionStrategy.ExecuteAsync[TState,TResult](TState state, Func`4 operation, Func`4 verifySucceeded, CancellationToken cancellationToken)
         at Microsoft.EntityFrameworkCore.Query.Internal.SingleQueryingEnumerable`1.AsyncEnumerator.MoveNextAsync()
fail: Microsoft.AspNetCore.Diagnostics.DeveloperExceptionPageMiddleware[1]
      An unhandled exception has occurred while executing the request.
      System.AggregateException: An error occurred while writing to logger(s). (Cannot open log for source '.NET Runtime'. You may not have write access.)
       ---> System.InvalidOperationException: Cannot open log for source '.NET Runtime'. You may not have write access.
       ---> System.ComponentModel.Win32Exception (5): Access is denied.
         --- End of inner exception stack trace ---
         at System.Diagnostics.EventLogInternal.OpenForWrite(String currentMachineName)
         at System.Diagnostics.EventLogInternal.InternalWriteEvent(UInt32 eventID, UInt16 category, EventLogEntryType type, String[] strings, Byte[] rawData, String currentMachineName)
         at System.Diagnostics.EventLogInternal.WriteEvent(EventInstance instance, Byte[] data, Object[] values)
         at Microsoft.Extensions.Logging.EventLog.WindowsEventLog.WriteEntry(String message, EventLogEntryType type, Int32 eventID, Int16 category)
         at Microsoft.Extensions.Logging.EventLog.EventLogLogger.WriteMessage(String message, EventLogEntryType eventLogEntryType, Int32 eventId)
         at Microsoft.Extensions.Logging.EventLog.EventLogLogger.Log[TState](LogLevel logLevel, EventId eventId, TState state, Exception exception, Func`3 formatter)
         at Microsoft.Extensions.Logging.Logger.<Log>g__LoggerLog|14_0[TState](LogLevel logLevel, EventId eventId, ILogger logger, Exception exception, Func`3 formatter, List`1& exceptions, TState& state)
         --- End of inner exception stack trace ---
         at Microsoft.Extensions.Logging.Logger.ThrowLoggingError(List`1 exceptions)
         at Microsoft.Extensions.Logging.Logger.Log[TState](LogLevel logLevel, EventId eventId, TState state, Exception exception, Func`3 formatter)
         at Microsoft.Extensions.Logging.LoggerMessage.<>c__DisplayClass14_0`3.<Define>g__Log|0(ILogger logger, T1 arg1, T2 arg2, T3 arg3, Exception exception)
         at Microsoft.EntityFrameworkCore.Diagnostics.EventDefinition`3.Log[TLoggerCategory](IDiagnosticsLogger`1 logger, TParam1 arg1, TParam2 arg2, TParam3 arg3, Exception exception)
         at Microsoft.EntityFrameworkCore.Diagnostics.CoreLoggerExtensions.QueryIterationFailed(IDiagnosticsLogger`1 diagnostics, Type contextType, Exception exception)
         at Microsoft.EntityFrameworkCore.Query.Internal.SingleQueryingEnumerable`1.AsyncEnumerator.MoveNextAsync()
         at Microsoft.EntityFrameworkCore.Query.ShapedQueryCompilingExpressionVisitor.SingleAsync[TSource](IAsyncEnumerable`1 asyncEnumerable, CancellationToken cancellationToken)
         at Microsoft.EntityFrameworkCore.Query.ShapedQueryCompilingExpressionVisitor.SingleAsync[TSource](IAsyncEnumerable`1 asyncEnumerable, CancellationToken cancellationToken)
         at BDMS.Api.Services.BirthApplicationValidator.ValidateAsync(BirthApplicationFormDto dto) in E:\Birth certificate\BDMS-Modern (4)\backend\BDMS.Api\Services\BirthApplicationValidator.cs:line 171
         at BDMS.Api.Controllers.BirthApplicationsController.CreateTemp(BirthApplicationFormDto dto) in E:\Birth certificate\BDMS-Modern (4)\backend\BDMS.Api\Controllers\BirthApplicationsController.cs:line 63
         at lambda_method6(Closure, Object)
         at Microsoft.AspNetCore.Mvc.Infrastructure.ActionMethodExecutor.AwaitableObjectResultExecutor.Execute(ActionContext actionContext, IActionResultTypeMapper mapper, ObjectMethodExecutor executor, Object controller, Object[] arguments)
         at Microsoft.AspNetCore.Mvc.Infrastructure.ControllerActionInvoker.<InvokeActionMethodAsync>g__Awaited|12_0(ControllerActionInvoker invoker, ValueTask`1 actionResultValueTask)
         at Microsoft.AspNetCore.Mvc.Infrastructure.ControllerActionInvoker.<InvokeNextActionFilterAsync>g__Awaited|10_0(ControllerActionInvoker invoker, Task lastTask, State next, Scope scope, Object state, Boolean isCompleted)
         at Microsoft.AspNetCore.Mvc.Infrastructure.ControllerActionInvoker.Rethrow(ActionExecutedContextSealed context)
         at Microsoft.AspNetCore.Mvc.Infrastructure.ControllerActionInvoker.Next(State& next, Scope& scope, Object& state, Boolean& isCompleted)
         at Microsoft.AspNetCore.Mvc.Infrastructure.ControllerActionInvoker.<InvokeInnerFilterAsync>g__Awaited|13_0(ControllerActionInvoker invoker, Task lastTask, State next, Scope scope, Object state, Boolean isCompleted)
         at Microsoft.AspNetCore.Mvc.Infrastructure.ResourceInvoker.<InvokeFilterPipelineAsync>g__Awaited|20_0(ResourceInvoker invoker, Task lastTask, State next, Scope scope, Object state, Boolean isCompleted)
         at Microsoft.AspNetCore.Mvc.Infrastructure.ResourceInvoker.<InvokeAsync>g__Awaited|17_0(ResourceInvoker invoker, Task task, IDisposable scope)
         at Microsoft.AspNetCore.Mvc.Infrastructure.ResourceInvoker.<InvokeAsync>g__Awaited|17_0(ResourceInvoker invoker, Task task, IDisposable scope)
         at Microsoft.AspNetCore.Authorization.AuthorizationMiddleware.Invoke(HttpContext context)
         at Microsoft.AspNetCore.Authentication.AuthenticationMiddleware.Invoke(HttpContext context)
         at Swashbuckle.AspNetCore.SwaggerUI.SwaggerUIMiddleware.Invoke(HttpContext httpContext)
         at Swashbuckle.AspNetCore.Swagger.SwaggerMiddleware.Invoke(HttpContext httpContext, ISwaggerProvider swaggerProvider)
         at Microsoft.AspNetCore.Diagnostics.DeveloperExceptionPageMiddlewareImpl.Invoke(HttpContext context)
fail: Microsoft.AspNetCore.Server.Kestrel[13]
      Connection id "0HNNP4P4I1BEL", Request id "0HNNP4P4I1BEL:00000002": An unhandled exception was thrown by the application.
      System.AggregateException: An error occurred while writing to logger(s). (Cannot open log for source '.NET Runtime'. You may not have write access.)
       ---> System.InvalidOperationException: Cannot open log for source '.NET Runtime'. You may not have write access.
       ---> System.ComponentModel.Win32Exception (5): Access is denied.
         --- End of inner exception stack trace ---
         at System.Diagnostics.EventLogInternal.OpenForWrite(String currentMachineName)
         at System.Diagnostics.EventLogInternal.InternalWriteEvent(UInt32 eventID, UInt16 category, EventLogEntryType type, String[] strings, Byte[] rawData, String currentMachineName)
         at System.Diagnostics.EventLogInternal.WriteEvent(EventInstance instance, Byte[] data, Object[] values)
         at Microsoft.Extensions.Logging.EventLog.WindowsEventLog.WriteEntry(String message, EventLogEntryType type, Int32 eventID, Int16 category)
         at Microsoft.Extensions.Logging.EventLog.EventLogLogger.WriteMessage(String message, EventLogEntryType eventLogEntryType, Int32 eventId)
         at Microsoft.Extensions.Logging.EventLog.EventLogLogger.Log[TState](LogLevel logLevel, EventId eventId, TState state, Exception exception, Func`3 formatter)
         at Microsoft.Extensions.Logging.Logger.<Log>g__LoggerLog|14_0[TState](LogLevel logLevel, EventId eventId, ILogger logger, Exception exception, Func`3 formatter, List`1& exceptions, TState& state)
         --- End of inner exception stack trace ---
         at Microsoft.Extensions.Logging.Logger.ThrowLoggingError(List`1 exceptions)
         at Microsoft.Extensions.Logging.Logger.Log[TState](LogLevel logLevel, EventId eventId, TState state, Exception exception, Func`3 formatter)
         at Microsoft.Extensions.Logging.Logger`1.Microsoft.Extensions.Logging.ILogger.Log[TState](LogLevel logLevel, EventId eventId, TState state, Exception exception, Func`3 formatter)
         at Microsoft.Extensions.Logging.LoggerMessage.<>c__DisplayClass8_0.<Define>g__Log|0(ILogger logger, Exception exception)
         at Microsoft.AspNetCore.Diagnostics.DiagnosticsTelemetry.ReportUnhandledException(ILogger logger, HttpContext context, Exception ex)
         at Microsoft.AspNetCore.Diagnostics.DeveloperExceptionPageMiddlewareImpl.Invoke(HttpContext context)
         at Microsoft.AspNetCore.Server.Kestrel.Core.Internal.Http.HttpProtocol.ProcessRequests[TContext](IHttpApplication`1 application)
warn: Microsoft.AspNetCore.Server.Kestrel[0]
      Connection processing ended abnormally.
      System.AggregateException: An error occurred while writing to logger(s). (Cannot open log for source '.NET Runtime'. You may not have write access.)
       ---> System.InvalidOperationException: Cannot open log for source '.NET Runtime'. You may not have write access.
       ---> System.ComponentModel.Win32Exception (5): Access is denied.
         --- End of inner exception stack trace ---
         at System.Diagnostics.EventLogInternal.OpenForWrite(String currentMachineName)
         at System.Diagnostics.EventLogInternal.InternalWriteEvent(UInt32 eventID, UInt16 category, EventLogEntryType type, String[] strings, Byte[] rawData, String currentMachineName)
         at System.Diagnostics.EventLogInternal.WriteEvent(EventInstance instance, Byte[] data, Object[] values)
         at Microsoft.Extensions.Logging.EventLog.WindowsEventLog.WriteEntry(String message, EventLogEntryType type, Int32 eventID, Int16 category)
         at Microsoft.Extensions.Logging.EventLog.EventLogLogger.WriteMessage(String message, EventLogEntryType eventLogEntryType, Int32 eventId)
         at Microsoft.Extensions.Logging.EventLog.EventLogLogger.Log[TState](LogLevel logLevel, EventId eventId, TState state, Exception exception, Func`3 formatter)
         at Microsoft.Extensions.Logging.Logger.<Log>g__LoggerLog|14_0[TState](LogLevel logLevel, EventId eventId, ILogger logger, Exception exception, Func`3 formatter, List`1& exceptions, TState& state)
         --- End of inner exception stack trace ---
         at Microsoft.Extensions.Logging.Logger.ThrowLoggingError(List`1 exceptions)
         at Microsoft.Extensions.Logging.Logger.Log[TState](LogLevel logLevel, EventId eventId, TState state, Exception exception, Func`3 formatter)
         at Microsoft.Extensions.Logging.LoggerMessage.<>c__DisplayClass12_0`2.<Define>g__Log|0(ILogger logger, T1 arg1, T2 arg2, Exception exception)
         at Microsoft.AspNetCore.Server.Kestrel.Core.Internal.Infrastructure.KestrelTrace.GeneralLog.ApplicationError(ILogger logger, String connectionId, String traceIdentifier, Exception ex)
         at Microsoft.AspNetCore.Server.Kestrel.Core.Internal.Http.HttpProtocol.ProcessRequests[TContext](IHttpApplication`1 application)
         at Microsoft.AspNetCore.Server.Kestrel.Core.Internal.Http.HttpProtocol.ProcessRequestsAsync[TContext](IHttpApplication`1 application)
crit: Microsoft.AspNetCore.Server.Kestrel[0]
      Unexpected exception in HttpConnection.ProcessRequestsAsync.
      System.AggregateException: An error occurred while writing to logger(s). (Cannot open log for source '.NET Runtime'. You may not have write access.)
       ---> System.InvalidOperationException: Cannot open log for source '.NET Runtime'. You may not have write access.
       ---> System.ComponentModel.Win32Exception (5): Access is denied.
         --- End of inner exception stack trace ---
         at System.Diagnostics.EventLogInternal.OpenForWrite(String currentMachineName)
         at System.Diagnostics.EventLogInternal.InternalWriteEvent(UInt32 eventID, UInt16 category, EventLogEntryType type, String[] strings, Byte[] rawData, String currentMachineName)
         at System.Diagnostics.EventLogInternal.WriteEvent(EventInstance instance, Byte[] data, Object[] values)
         at Microsoft.Extensions.Logging.EventLog.WindowsEventLog.WriteEntry(String message, EventLogEntryType type, Int32 eventID, Int16 category)
         at Microsoft.Extensions.Logging.EventLog.EventLogLogger.WriteMessage(String message, EventLogEntryType eventLogEntryType, Int32 eventId)
         at Microsoft.Extensions.Logging.EventLog.EventLogLogger.Log[TState](LogLevel logLevel, EventId eventId, TState state, Exception exception, Func`3 formatter)
         at Microsoft.Extensions.Logging.Logger.<Log>g__LoggerLog|14_0[TState](LogLevel logLevel, EventId eventId, ILogger logger, Exception exception, Func`3 formatter, List`1& exceptions, TState& state)
         --- End of inner exception stack trace ---
         at Microsoft.Extensions.Logging.Logger.ThrowLoggingError(List`1 exceptions)
         at Microsoft.Extensions.Logging.Logger.Log[TState](LogLevel logLevel, EventId eventId, TState state, Exception exception, Func`3 formatter)
         at Microsoft.AspNetCore.Server.Kestrel.Core.Internal.Infrastructure.KestrelTrace.Log[TState](LogLevel logLevel, EventId eventId, TState state, Exception exception, Func`3 formatter)
         at Microsoft.Extensions.Logging.LoggerExtensions.Log(ILogger logger, LogLevel logLevel, EventId eventId, Exception exception, String message, Object[] args)
         at Microsoft.Extensions.Logging.LoggerExtensions.LogWarning(ILogger logger, EventId eventId, Exception exception, String message, Object[] args)
         at Microsoft.AspNetCore.Server.Kestrel.Core.Internal.Http.HttpProtocol.ProcessRequestsAsync[TContext](IHttpApplication`1 application)
         at Microsoft.AspNetCore.Server.Kestrel.Core.Internal.Http.HttpProtocol.ProcessRequestsAsync[TContext](IHttpApplication`1 application)
         at Microsoft.AspNetCore.Server.Kestrel.Core.Internal.HttpConnection.ProcessRequestsAsync[TContext](IHttpApplication`1 httpApplication)
fail: Microsoft.AspNetCore.Server.Kestrel[0]
      Unhandled exception while processing 0HNNP4P4I1BEL.
      System.AggregateException: An error occurred while writing to logger(s). (Cannot open log for source '.NET Runtime'. You may not have write access.)
       ---> System.InvalidOperationException: Cannot open log for source '.NET Runtime'. You may not have write access.
       ---> System.ComponentModel.Win32Exception (5): Access is denied.
         --- End of inner exception stack trace ---
         at System.Diagnostics.EventLogInternal.OpenForWrite(String currentMachineName)
         at System.Diagnostics.EventLogInternal.InternalWriteEvent(UInt32 eventID, UInt16 category, EventLogEntryType type, String[] strings, Byte[] rawData, String currentMachineName)
         at System.Diagnostics.EventLogInternal.WriteEvent(EventInstance instance, Byte[] data, Object[] values)
         at Microsoft.Extensions.Logging.EventLog.WindowsEventLog.WriteEntry(String message, EventLogEntryType type, Int32 eventID, Int16 category)
         at Microsoft.Extensions.Logging.EventLog.EventLogLogger.WriteMessage(String message, EventLogEntryType eventLogEntryType, Int32 eventId)
         at Microsoft.Extensions.Logging.EventLog.EventLogLogger.Log[TState](LogLevel logLevel, EventId eventId, TState state, Exception exception, Func`3 formatter)
         at Microsoft.Extensions.Logging.Logger.<Log>g__LoggerLog|14_0[TState](LogLevel logLevel, EventId eventId, ILogger logger, Exception exception, Func`3 formatter, List`1& exceptions, TState& state)
         --- End of inner exception stack trace ---
         at Microsoft.Extensions.Logging.Logger.ThrowLoggingError(List`1 exceptions)
         at Microsoft.Extensions.Logging.Logger.Log[TState](LogLevel logLevel, EventId eventId, TState state, Exception exception, Func`3 formatter)
         at Microsoft.AspNetCore.Server.Kestrel.Core.Internal.Infrastructure.KestrelTrace.Log[TState](LogLevel logLevel, EventId eventId, TState state, Exception exception, Func`3 formatter)
         at Microsoft.Extensions.Logging.LoggerExtensions.Log(ILogger logger, LogLevel logLevel, EventId eventId, Exception exception, String message, Object[] args)
         at Microsoft.Extensions.Logging.LoggerExtensions.LogCritical(ILogger logger, EventId eventId, Exception exception, String message, Object[] args)
         at Microsoft.AspNetCore.Server.Kestrel.Core.Internal.HttpConnection.ProcessRequestsAsync[TContext](IHttpApplication`1 httpApplication)
         at Microsoft.AspNetCore.Server.Kestrel.Core.Internal.Infrastructure.KestrelConnection`1.ExecuteAsync()
fail: Microsoft.EntityFrameworkCore.Database.Connection[20004]
      An error occurred using the connection to database 'BDMS_Modern' on server 'DESKTOP-I38R53I'.
fail: Microsoft.EntityFrameworkCore.Query[10100]
      An exception occurred while iterating over the results of a query for context type 'BDMS.Api.Data.BdmsDbContext'.
      System.AggregateException: An error occurred while writing to logger(s). (Cannot open log for source '.NET Runtime'. You may not have write access.)
       ---> System.InvalidOperationException: Cannot open log for source '.NET Runtime'. You may not have write access.
       ---> System.ComponentModel.Win32Exception (5): Access is denied.
         --- End of inner exception stack trace ---
         at System.Diagnostics.EventLogInternal.OpenForWrite(String currentMachineName)
         at System.Diagnostics.EventLogInternal.InternalWriteEvent(UInt32 eventID, UInt16 category, EventLogEntryType type, String[] strings, Byte[] rawData, String currentMachineName)
         at System.Diagnostics.EventLogInternal.WriteEvent(EventInstance instance, Byte[] data, Object[] values)
         at Microsoft.Extensions.Logging.EventLog.WindowsEventLog.WriteEntry(String message, EventLogEntryType type, Int32 eventID, Int16 category)
         at Microsoft.Extensions.Logging.EventLog.EventLogLogger.WriteMessage(String message, EventLogEntryType eventLogEntryType, Int32 eventId)
         at Microsoft.Extensions.Logging.EventLog.EventLogLogger.Log[TState](LogLevel logLevel, EventId eventId, TState state, Exception exception, Func`3 formatter)
         at Microsoft.Extensions.Logging.Logger.<Log>g__LoggerLog|14_0[TState](LogLevel logLevel, EventId eventId, ILogger logger, Exception exception, Func`3 formatter, List`1& exceptions, TState& state)
         --- End of inner exception stack trace ---
         at Microsoft.Extensions.Logging.Logger.ThrowLoggingError(List`1 exceptions)
         at Microsoft.Extensions.Logging.Logger.Log[TState](LogLevel logLevel, EventId eventId, TState state, Exception exception, Func`3 formatter)
         at Microsoft.Extensions.Logging.LoggerMessage.<>c__DisplayClass12_0`2.<Define>g__Log|0(ILogger logger, T1 arg1, T2 arg2, Exception exception)
         at Microsoft.EntityFrameworkCore.Diagnostics.EventDefinition`2.Log[TLoggerCategory](IDiagnosticsLogger`1 logger, TParam1 arg1, TParam2 arg2)
         at Microsoft.EntityFrameworkCore.Diagnostics.Internal.RelationalConnectionDiagnosticsLogger.LogConnectionError(IRelationalConnection connection, EventDefinition`2 definition)
         at Microsoft.EntityFrameworkCore.Diagnostics.Internal.RelationalConnectionDiagnosticsLogger.ConnectionErrorAsync(IRelationalConnection connection, Exception exception, DateTimeOffset startTime, TimeSpan duration, Boolean logErrorAsDebug, CancellationToken cancellationToken)
         at Microsoft.EntityFrameworkCore.Storage.RelationalConnection.OpenInternalAsync(Boolean errorsExpected, CancellationToken cancellationToken)
         at Microsoft.EntityFrameworkCore.Storage.RelationalConnection.OpenAsync(CancellationToken cancellationToken, Boolean errorsExpected)
         at Microsoft.EntityFrameworkCore.Storage.RelationalCommand.ExecuteReaderAsync(RelationalCommandParameterObject parameterObject, CancellationToken cancellationToken)
         at Microsoft.EntityFrameworkCore.Query.Internal.SingleQueryingEnumerable`1.AsyncEnumerator.InitializeReaderAsync(AsyncEnumerator enumerator, CancellationToken cancellationToken)
         at Microsoft.EntityFrameworkCore.SqlServer.Storage.Internal.SqlServerExecutionStrategy.ExecuteAsync[TState,TResult](TState state, Func`4 operation, Func`4 verifySucceeded, CancellationToken cancellationToken)
         at Microsoft.EntityFrameworkCore.Query.Internal.SingleQueryingEnumerable`1.AsyncEnumerator.MoveNextAsync()
      System.AggregateException: An error occurred while writing to logger(s). (Cannot open log for source '.NET Runtime'. You may not have write access.)
       ---> System.InvalidOperationException: Cannot open log for source '.NET Runtime'. You may not have write access.
       ---> System.ComponentModel.Win32Exception (5): Access is denied.
         --- End of inner exception stack trace ---
         at System.Diagnostics.EventLogInternal.OpenForWrite(String currentMachineName)
         at System.Diagnostics.EventLogInternal.InternalWriteEvent(UInt32 eventID, UInt16 category, EventLogEntryType type, String[] strings, Byte[] rawData, String currentMachineName)
         at System.Diagnostics.EventLogInternal.WriteEvent(EventInstance instance, Byte[] data, Object[] values)
         at Microsoft.Extensions.Logging.EventLog.WindowsEventLog.WriteEntry(String message, EventLogEntryType type, Int32 eventID, Int16 category)
         at Microsoft.Extensions.Logging.EventLog.EventLogLogger.WriteMessage(String message, EventLogEntryType eventLogEntryType, Int32 eventId)
         at Microsoft.Extensions.Logging.EventLog.EventLogLogger.Log[TState](LogLevel logLevel, EventId eventId, TState state, Exception exception, Func`3 formatter)
         at Microsoft.Extensions.Logging.Logger.<Log>g__LoggerLog|14_0[TState](LogLevel logLevel, EventId eventId, ILogger logger, Exception exception, Func`3 formatter, List`1& exceptions, TState& state)
         --- End of inner exception stack trace ---
         at Microsoft.Extensions.Logging.Logger.ThrowLoggingError(List`1 exceptions)
         at Microsoft.Extensions.Logging.Logger.Log[TState](LogLevel logLevel, EventId eventId, TState state, Exception exception, Func`3 formatter)
         at Microsoft.Extensions.Logging.LoggerMessage.<>c__DisplayClass12_0`2.<Define>g__Log|0(ILogger logger, T1 arg1, T2 arg2, Exception exception)
         at Microsoft.EntityFrameworkCore.Diagnostics.EventDefinition`2.Log[TLoggerCategory](IDiagnosticsLogger`1 logger, TParam1 arg1, TParam2 arg2)
         at Microsoft.EntityFrameworkCore.Diagnostics.Internal.RelationalConnectionDiagnosticsLogger.LogConnectionError(IRelationalConnection connection, EventDefinition`2 definition)
         at Microsoft.EntityFrameworkCore.Diagnostics.Internal.RelationalConnectionDiagnosticsLogger.ConnectionErrorAsync(IRelationalConnection connection, Exception exception, DateTimeOffset startTime, TimeSpan duration, Boolean logErrorAsDebug, CancellationToken cancellationToken)
         at Microsoft.EntityFrameworkCore.Storage.RelationalConnection.OpenInternalAsync(Boolean errorsExpected, CancellationToken cancellationToken)
         at Microsoft.EntityFrameworkCore.Storage.RelationalConnection.OpenAsync(CancellationToken cancellationToken, Boolean errorsExpected)
         at Microsoft.EntityFrameworkCore.Storage.RelationalCommand.ExecuteReaderAsync(RelationalCommandParameterObject parameterObject, CancellationToken cancellationToken)
         at Microsoft.EntityFrameworkCore.Query.Internal.SingleQueryingEnumerable`1.AsyncEnumerator.InitializeReaderAsync(AsyncEnumerator enumerator, CancellationToken cancellationToken)
         at Microsoft.EntityFrameworkCore.SqlServer.Storage.Internal.SqlServerExecutionStrategy.ExecuteAsync[TState,TResult](TState state, Func`4 operation, Func`4 verifySucceeded, CancellationToken cancellationToken)
         at Microsoft.EntityFrameworkCore.Query.Internal.SingleQueryingEnumerable`1.AsyncEnumerator.MoveNextAsync()
fail: Microsoft.AspNetCore.Diagnostics.DeveloperExceptionPageMiddleware[1]
      An unhandled exception has occurred while executing the request.
      System.AggregateException: An error occurred while writing to logger(s). (Cannot open log for source '.NET Runtime'. You may not have write access.)
       ---> System.InvalidOperationException: Cannot open log for source '.NET Runtime'. You may not have write access.
       ---> System.ComponentModel.Win32Exception (5): Access is denied.
         --- End of inner exception stack trace ---
         at System.Diagnostics.EventLogInternal.OpenForWrite(String currentMachineName)
         at System.Diagnostics.EventLogInternal.InternalWriteEvent(UInt32 eventID, UInt16 category, EventLogEntryType type, String[] strings, Byte[] rawData, String currentMachineName)
         at System.Diagnostics.EventLogInternal.WriteEvent(EventInstance instance, Byte[] data, Object[] values)
         at Microsoft.Extensions.Logging.EventLog.WindowsEventLog.WriteEntry(String message, EventLogEntryType type, Int32 eventID, Int16 category)
         at Microsoft.Extensions.Logging.EventLog.EventLogLogger.WriteMessage(String message, EventLogEntryType eventLogEntryType, Int32 eventId)
         at Microsoft.Extensions.Logging.EventLog.EventLogLogger.Log[TState](LogLevel logLevel, EventId eventId, TState state, Exception exception, Func`3 formatter)
         at Microsoft.Extensions.Logging.Logger.<Log>g__LoggerLog|14_0[TState](LogLevel logLevel, EventId eventId, ILogger logger, Exception exception, Func`3 formatter, List`1& exceptions, TState& state)
         --- End of inner exception stack trace ---
         at Microsoft.Extensions.Logging.Logger.ThrowLoggingError(List`1 exceptions)
         at Microsoft.Extensions.Logging.Logger.Log[TState](LogLevel logLevel, EventId eventId, TState state, Exception exception, Func`3 formatter)
         at Microsoft.Extensions.Logging.LoggerMessage.<>c__DisplayClass14_0`3.<Define>g__Log|0(ILogger logger, T1 arg1, T2 arg2, T3 arg3, Exception exception)
         at Microsoft.EntityFrameworkCore.Diagnostics.EventDefinition`3.Log[TLoggerCategory](IDiagnosticsLogger`1 logger, TParam1 arg1, TParam2 arg2, TParam3 arg3, Exception exception)
         at Microsoft.EntityFrameworkCore.Diagnostics.CoreLoggerExtensions.QueryIterationFailed(IDiagnosticsLogger`1 diagnostics, Type contextType, Exception exception)
         at Microsoft.EntityFrameworkCore.Query.Internal.SingleQueryingEnumerable`1.AsyncEnumerator.MoveNextAsync()
         at Microsoft.EntityFrameworkCore.Query.ShapedQueryCompilingExpressionVisitor.SingleAsync[TSource](IAsyncEnumerable`1 asyncEnumerable, CancellationToken cancellationToken)
         at Microsoft.EntityFrameworkCore.Query.ShapedQueryCompilingExpressionVisitor.SingleAsync[TSource](IAsyncEnumerable`1 asyncEnumerable, CancellationToken cancellationToken)
         at BDMS.Api.Services.BirthApplicationValidator.ValidateAsync(BirthApplicationFormDto dto) in E:\Birth certificate\BDMS-Modern (4)\backend\BDMS.Api\Services\BirthApplicationValidator.cs:line 171
         at BDMS.Api.Controllers.BirthApplicationsController.CreateTemp(BirthApplicationFormDto dto) in E:\Birth certificate\BDMS-Modern (4)\backend\BDMS.Api\Controllers\BirthApplicationsController.cs:line 63
         at lambda_method6(Closure, Object)
         at Microsoft.AspNetCore.Mvc.Infrastructure.ActionMethodExecutor.AwaitableObjectResultExecutor.Execute(ActionContext actionContext, IActionResultTypeMapper mapper, ObjectMethodExecutor executor, Object controller, Object[] arguments)
         at Microsoft.AspNetCore.Mvc.Infrastructure.ControllerActionInvoker.<InvokeActionMethodAsync>g__Awaited|12_0(ControllerActionInvoker invoker, ValueTask`1 actionResultValueTask)
         at Microsoft.AspNetCore.Mvc.Infrastructure.ControllerActionInvoker.<InvokeNextActionFilterAsync>g__Awaited|10_0(ControllerActionInvoker invoker, Task lastTask, State next, Scope scope, Object state, Boolean isCompleted)
         at Microsoft.AspNetCore.Mvc.Infrastructure.ControllerActionInvoker.Rethrow(ActionExecutedContextSealed context)
         at Microsoft.AspNetCore.Mvc.Infrastructure.ControllerActionInvoker.Next(State& next, Scope& scope, Object& state, Boolean& isCompleted)
         at Microsoft.AspNetCore.Mvc.Infrastructure.ControllerActionInvoker.<InvokeInnerFilterAsync>g__Awaited|13_0(ControllerActionInvoker invoker, Task lastTask, State next, Scope scope, Object state, Boolean isCompleted)
         at Microsoft.AspNetCore.Mvc.Infrastructure.ResourceInvoker.<InvokeFilterPipelineAsync>g__Awaited|20_0(ResourceInvoker invoker, Task lastTask, State next, Scope scope, Object state, Boolean isCompleted)
         at Microsoft.AspNetCore.Mvc.Infrastructure.ResourceInvoker.<InvokeAsync>g__Awaited|17_0(ResourceInvoker invoker, Task task, IDisposable scope)
         at Microsoft.AspNetCore.Mvc.Infrastructure.ResourceInvoker.<InvokeAsync>g__Awaited|17_0(ResourceInvoker invoker, Task task, IDisposable scope)
         at Microsoft.AspNetCore.Authorization.AuthorizationMiddleware.Invoke(HttpContext context)
         at Microsoft.AspNetCore.Authentication.AuthenticationMiddleware.Invoke(HttpContext context)
         at Swashbuckle.AspNetCore.SwaggerUI.SwaggerUIMiddleware.Invoke(HttpContext httpContext)
         at Swashbuckle.AspNetCore.Swagger.SwaggerMiddleware.Invoke(HttpContext httpContext, ISwaggerProvider swaggerProvider)
         at Microsoft.AspNetCore.Diagnostics.DeveloperExceptionPageMiddlewareImpl.Invoke(HttpContext context)
fail: Microsoft.AspNetCore.Server.Kestrel[13]
      Connection id "0HNNP4P4I1BEM", Request id "0HNNP4P4I1BEM:00000001": An unhandled exception was thrown by the application.
      System.AggregateException: An error occurred while writing to logger(s). (Cannot open log for source '.NET Runtime'. You may not have write access.)
       ---> System.InvalidOperationException: Cannot open log for source '.NET Runtime'. You may not have write access.
       ---> System.ComponentModel.Win32Exception (5): Access is denied.
         --- End of inner exception stack trace ---
         at System.Diagnostics.EventLogInternal.OpenForWrite(String currentMachineName)
         at System.Diagnostics.EventLogInternal.InternalWriteEvent(UInt32 eventID, UInt16 category, EventLogEntryType type, String[] strings, Byte[] rawData, String currentMachineName)
         at System.Diagnostics.EventLogInternal.WriteEvent(EventInstance instance, Byte[] data, Object[] values)
         at Microsoft.Extensions.Logging.EventLog.WindowsEventLog.WriteEntry(String message, EventLogEntryType type, Int32 eventID, Int16 category)
         at Microsoft.Extensions.Logging.EventLog.EventLogLogger.WriteMessage(String message, EventLogEntryType eventLogEntryType, Int32 eventId)
         at Microsoft.Extensions.Logging.EventLog.EventLogLogger.Log[TState](LogLevel logLevel, EventId eventId, TState state, Exception exception, Func`3 formatter)
         at Microsoft.Extensions.Logging.Logger.<Log>g__LoggerLog|14_0[TState](LogLevel logLevel, EventId eventId, ILogger logger, Exception exception, Func`3 formatter, List`1& exceptions, TState& state)
         --- End of inner exception stack trace ---
         at Microsoft.Extensions.Logging.Logger.ThrowLoggingError(List`1 exceptions)
         at Microsoft.Extensions.Logging.Logger.Log[TState](LogLevel logLevel, EventId eventId, TState state, Exception exception, Func`3 formatter)
         at Microsoft.Extensions.Logging.Logger`1.Microsoft.Extensions.Logging.ILogger.Log[TState](LogLevel logLevel, EventId eventId, TState state, Exception exception, Func`3 formatter)
         at Microsoft.Extensions.Logging.LoggerMessage.<>c__DisplayClass8_0.<Define>g__Log|0(ILogger logger, Exception exception)
         at Microsoft.AspNetCore.Diagnostics.DiagnosticsTelemetry.ReportUnhandledException(ILogger logger, HttpContext context, Exception ex)
         at Microsoft.AspNetCore.Diagnostics.DeveloperExceptionPageMiddlewareImpl.Invoke(HttpContext context)
         at Microsoft.AspNetCore.Server.Kestrel.Core.Internal.Http.HttpProtocol.ProcessRequests[TContext](IHttpApplication`1 application)
warn: Microsoft.AspNetCore.Server.Kestrel[0]
      Connection processing ended abnormally.
      System.AggregateException: An error occurred while writing to logger(s). (Cannot open log for source '.NET Runtime'. You may not have write access.)
       ---> System.InvalidOperationException: Cannot open log for source '.NET Runtime'. You may not have write access.
       ---> System.ComponentModel.Win32Exception (5): Access is denied.
         --- End of inner exception stack trace ---
         at System.Diagnostics.EventLogInternal.OpenForWrite(String currentMachineName)
         at System.Diagnostics.EventLogInternal.InternalWriteEvent(UInt32 eventID, UInt16 category, EventLogEntryType type, String[] strings, Byte[] rawData, String currentMachineName)
         at System.Diagnostics.EventLogInternal.WriteEvent(EventInstance instance, Byte[] data, Object[] values)
         at Microsoft.Extensions.Logging.EventLog.WindowsEventLog.WriteEntry(String message, EventLogEntryType type, Int32 eventID, Int16 category)
         at Microsoft.Extensions.Logging.EventLog.EventLogLogger.WriteMessage(String message, EventLogEntryType eventLogEntryType, Int32 eventId)
         at Microsoft.Extensions.Logging.EventLog.EventLogLogger.Log[TState](LogLevel logLevel, EventId eventId, TState state, Exception exception, Func`3 formatter)
         at Microsoft.Extensions.Logging.Logger.<Log>g__LoggerLog|14_0[TState](LogLevel logLevel, EventId eventId, ILogger logger, Exception exception, Func`3 formatter, List`1& exceptions, TState& state)
         --- End of inner exception stack trace ---
         at Microsoft.Extensions.Logging.Logger.ThrowLoggingError(List`1 exceptions)
         at Microsoft.Extensions.Logging.Logger.Log[TState](LogLevel logLevel, EventId eventId, TState state, Exception exception, Func`3 formatter)
         at Microsoft.Extensions.Logging.LoggerMessage.<>c__DisplayClass12_0`2.<Define>g__Log|0(ILogger logger, T1 arg1, T2 arg2, Exception exception)
         at Microsoft.AspNetCore.Server.Kestrel.Core.Internal.Infrastructure.KestrelTrace.GeneralLog.ApplicationError(ILogger logger, String connectionId, String traceIdentifier, Exception ex)
         at Microsoft.AspNetCore.Server.Kestrel.Core.Internal.Http.HttpProtocol.ProcessRequests[TContext](IHttpApplication`1 application)
         at Microsoft.AspNetCore.Server.Kestrel.Core.Internal.Http.HttpProtocol.ProcessRequestsAsync[TContext](IHttpApplication`1 application)
crit: Microsoft.AspNetCore.Server.Kestrel[0]
      Unexpected exception in HttpConnection.ProcessRequestsAsync.
      System.AggregateException: An error occurred while writing to logger(s). (Cannot open log for source '.NET Runtime'. You may not have write access.)
       ---> System.InvalidOperationException: Cannot open log for source '.NET Runtime'. You may not have write access.
       ---> System.ComponentModel.Win32Exception (5): Access is denied.
         --- End of inner exception stack trace ---
         at System.Diagnostics.EventLogInternal.OpenForWrite(String currentMachineName)
         at System.Diagnostics.EventLogInternal.InternalWriteEvent(UInt32 eventID, UInt16 category, EventLogEntryType type, String[] strings, Byte[] rawData, String currentMachineName)
         at System.Diagnostics.EventLogInternal.WriteEvent(EventInstance instance, Byte[] data, Object[] values)
         at Microsoft.Extensions.Logging.EventLog.WindowsEventLog.WriteEntry(String message, EventLogEntryType type, Int32 eventID, Int16 category)
         at Microsoft.Extensions.Logging.EventLog.EventLogLogger.WriteMessage(String message, EventLogEntryType eventLogEntryType, Int32 eventId)
         at Microsoft.Extensions.Logging.EventLog.EventLogLogger.Log[TState](LogLevel logLevel, EventId eventId, TState state, Exception exception, Func`3 formatter)
         at Microsoft.Extensions.Logging.Logger.<Log>g__LoggerLog|14_0[TState](LogLevel logLevel, EventId eventId, ILogger logger, Exception exception, Func`3 formatter, List`1& exceptions, TState& state)
         --- End of inner exception stack trace ---
         at Microsoft.Extensions.Logging.Logger.ThrowLoggingError(List`1 exceptions)
         at Microsoft.Extensions.Logging.Logger.Log[TState](LogLevel logLevel, EventId eventId, TState state, Exception exception, Func`3 formatter)
         at Microsoft.AspNetCore.Server.Kestrel.Core.Internal.Infrastructure.KestrelTrace.Log[TState](LogLevel logLevel, EventId eventId, TState state, Exception exception, Func`3 formatter)
         at Microsoft.Extensions.Logging.LoggerExtensions.Log(ILogger logger, LogLevel logLevel, EventId eventId, Exception exception, String message, Object[] args)
         at Microsoft.Extensions.Logging.LoggerExtensions.LogWarning(ILogger logger, EventId eventId, Exception exception, String message, Object[] args)
         at Microsoft.AspNetCore.Server.Kestrel.Core.Internal.Http.HttpProtocol.ProcessRequestsAsync[TContext](IHttpApplication`1 application)
         at Microsoft.AspNetCore.Server.Kestrel.Core.Internal.Http.HttpProtocol.ProcessRequestsAsync[TContext](IHttpApplication`1 application)
         at Microsoft.AspNetCore.Server.Kestrel.Core.Internal.HttpConnection.ProcessRequestsAsync[TContext](IHttpApplication`1 httpApplication)
fail: Microsoft.AspNetCore.Server.Kestrel[0]
      Unhandled exception while processing 0HNNP4P4I1BEM.
      System.AggregateException: An error occurred while writing to logger(s). (Cannot open log for source '.NET Runtime'. You may not have write access.)
       ---> System.InvalidOperationException: Cannot open log for source '.NET Runtime'. You may not have write access.
       ---> System.ComponentModel.Win32Exception (5): Access is denied.
         --- End of inner exception stack trace ---
         at System.Diagnostics.EventLogInternal.OpenForWrite(String currentMachineName)
         at System.Diagnostics.EventLogInternal.InternalWriteEvent(UInt32 eventID, UInt16 category, EventLogEntryType type, String[] strings, Byte[] rawData, String currentMachineName)
         at System.Diagnostics.EventLogInternal.WriteEvent(EventInstance instance, Byte[] data, Object[] values)
         at Microsoft.Extensions.Logging.EventLog.WindowsEventLog.WriteEntry(String message, EventLogEntryType type, Int32 eventID, Int16 category)
         at Microsoft.Extensions.Logging.EventLog.EventLogLogger.WriteMessage(String message, EventLogEntryType eventLogEntryType, Int32 eventId)
         at Microsoft.Extensions.Logging.EventLog.EventLogLogger.Log[TState](LogLevel logLevel, EventId eventId, TState state, Exception exception, Func`3 formatter)
         at Microsoft.Extensions.Logging.Logger.<Log>g__LoggerLog|14_0[TState](LogLevel logLevel, EventId eventId, ILogger logger, Exception exception, Func`3 formatter, List`1& exceptions, TState& state)
         --- End of inner exception stack trace ---
         at Microsoft.Extensions.Logging.Logger.ThrowLoggingError(List`1 exceptions)
         at Microsoft.Extensions.Logging.Logger.Log[TState](LogLevel logLevel, EventId eventId, TState state, Exception exception, Func`3 formatter)
         at Microsoft.AspNetCore.Server.Kestrel.Core.Internal.Infrastructure.KestrelTrace.Log[TState](LogLevel logLevel, EventId eventId, TState state, Exception exception, Func`3 formatter)
         at Microsoft.Extensions.Logging.LoggerExtensions.Log(ILogger logger, LogLevel logLevel, EventId eventId, Exception exception, String message, Object[] args)
         at Microsoft.Extensions.Logging.LoggerExtensions.LogCritical(ILogger logger, EventId eventId, Exception exception, String message, Object[] args)
         at Microsoft.AspNetCore.Server.Kestrel.Core.Internal.HttpConnection.ProcessRequestsAsync[TContext](IHttpApplication`1 httpApplication)
         at Microsoft.AspNetCore.Server.Kestrel.Core.Internal.Infrastructure.KestrelConnection`1.ExecuteAsync()
